Number of DTs,Number of Campuses,Number of Precincts,Number of Buildings,Number of Data Points,Total Time Taken,DT Response Time Taken,Visualisation Time Taken,Total RAM Usage (MB),Total RAM Usage (%),CPU Usage (%)
3,1,1,1,1,67,66,0,2682,4.110407829,14.02686501
3,1,1,1,2,129,128,0,2684,4.113472939,13.76506424
3,1,1,1,3,192,192,0,2656,4.070560455,14.82704735
3,1,1,1,4,266,265,0,2635,4.038375854,14.6581831
3,1,1,1,5,331,330,1,2636,4.039908886,12.27236271
3,1,1,1,6,402,400,1,2636,4.039908886,15.75425911
3,1,1,1,7,488,486,1,2622,4.018452168,19.12456512
3,1,1,1,8,535,533,1,2470,3.785498619,12.8765974
3,1,1,1,9,606,604,1,2468,3.78243351,15.07713032
3,1,1,1,10,667,665,1,2469,3.783966064,19.12459564
3,1,1,1,11,740,738,2,2470,3.785498619,14.04400158
3,1,1,1,12,827,825,2,2471,3.787031174,12.17433929
3,1,1,1,13,893,891,2,2474,3.791629076,13.90042877
3,1,1,1,14,967,964,2,2474,3.791629076,15.8795681
3,1,1,1,15,1042,1039,2,2469,3.783966064,7.992213249
3,1,1,1,16,1112,1109,2,2471,3.787031174,7.32974577
3,1,1,1,17,1192,1189,3,2473,3.790096283,9.80450058
3,1,1,1,18,1271,1268,3,2475,3.793161631,7.757459641
3,1,1,1,19,1351,1348,3,2468,3.78243351,6.468468189
3,1,1,1,20,1439,1435,3,2471,3.787031174,10.22296238
3,1,1,1,21,1519,1515,3,2474,3.791629076,7.239476681
3,1,1,1,22,1585,1581,3,2469,3.783966064,10.50942135
3,1,1,1,23,1667,1663,4,2471,3.787031174,9.781211853
3,1,1,1,24,1751,1747,4,2467,3.780900955,10.43329525
3,1,1,1,25,1880,1876,4,2470,3.785498619,9.868816376
3,1,1,1,26,1998,1994,4,2468,3.78243351,6.046722889
3,1,1,1,27,2044,2040,4,2471,3.787031174,9.402542114
3,1,1,1,28,2128,2123,4,2470,3.785498619,10.8685112
3,1,1,1,29,2229,2224,4,2469,3.783966064,6.217013836
3,1,1,1,30,2283,2278,4,2471,3.787031174,8.901613235
3,1,1,1,1,73,72,1,2667,4.087419033,16.70466423
3,1,1,1,2,130,129,0,2650,4.061365128,16.11944771
3,1,1,1,3,197,197,0,2620,4.015387058,13.78722668
3,1,1,1,4,261,260,0,2617,4.010789394,13.76666546
3,1,1,1,5,329,328,1,2618,4.012321949,17.86671257
3,1,1,1,6,399,395,4,2618,4.012321949,12.81339645
3,1,1,1,7,463,462,1,2619,4.013854504,13.98824787
3,1,1,1,8,537,535,1,2476,3.794694185,14.66858387
3,1,1,1,9,598,597,1,2474,3.791629076,13.49935532
3,1,1,1,10,668,666,1,2474,3.791629076,19.21360397
3,1,1,1,11,734,732,1,2474,3.791629076,15.74020386
3,1,1,1,12,804,802,2,2475,3.793161631,14.8768692
3,1,1,1,13,910,908,2,2477,3.79622674,14.00594139
3,1,1,1,14,953,951,2,2480,3.800824642,15.01346779
3,1,1,1,15,1026,1023,2,2480,3.800824642,16.96697998
3,1,1,1,16,1102,1099,2,2476,3.794694185,18.23930359
3,1,1,1,17,1187,1184,2,2478,3.797759295,13.45239735
3,1,1,1,18,1269,1266,3,2481,3.802357197,14.42787647
3,1,1,1,19,1345,1341,3,2474,3.791629076,13.44307327
3,1,1,1,20,1429,1426,3,2477,3.79622674,12.80893707
3,1,1,1,21,1489,1486,3,2481,3.802357197,16.53302383
3,1,1,1,22,1570,1566,3,2475,3.793161631,17.28590775
3,1,1,1,23,1650,1645,4,2478,3.797759295,15.22737598
3,1,1,1,24,1734,1731,3,2473,3.790096283,13.69630432
3,1,1,1,25,1865,1859,6,2476,3.794694185,14.73138332
3,1,1,1,26,1948,1944,4,2474,3.791629076,16.80232811
3,1,1,1,27,2009,2005,4,2478,3.797759295,17.20473862
3,1,1,1,28,2145,2140,4,2476,3.794694185,14.01569653
3,1,1,1,29,2250,2245,4,2474,3.791629076,15.48325729
3,1,1,1,30,2272,2267,4,2479,3.799291849,15.08936596
3,1,1,1,1,68,67,0,2689,4.121136189,15.80144119
3,1,1,1,2,131,131,0,2680,4.10734272,16.14471817
3,1,1,1,3,192,192,0,2656,4.070560455,14.13766575
3,1,1,1,4,261,260,0,2639,4.04450655,14.00944424
3,1,1,1,5,332,331,1,2639,4.04450655,8.560459137
3,1,1,1,6,409,408,1,2641,4.047571659,10.14575577
3,1,1,1,7,470,469,1,2641,4.047571659,11.16376495
3,1,1,1,8,550,548,1,2480,3.800824642,14.21822453
3,1,1,1,9,621,619,1,2479,3.799291849,7.064316273
3,1,1,1,10,676,674,1,2478,3.797759295,8.778616905
3,1,1,1,11,760,758,1,2478,3.797759295,7.516675949
3,1,1,1,12,822,820,2,2480,3.800824642,9.001599312
3,1,1,1,13,917,914,2,2482,3.803889751,9.113130569
3,1,1,1,14,968,965,2,2484,3.806954861,11.49119663
3,1,1,1,15,1040,1035,5,2484,3.806954861,8.754164696
3,1,1,1,16,1138,1135,2,2480,3.800824642,11.24172688
3,1,1,1,17,1194,1191,2,2482,3.803889751,7.918385506
3,1,1,1,18,1273,1269,3,2486,3.81001997,8.336429596
3,1,1,1,19,1339,1335,3,2480,3.800824642,7.590519428
3,1,1,1,20,1451,1448,3,2482,3.803889751,8.143647194
3,1,1,1,21,1495,1491,3,2486,3.81001997,6.976980686
3,1,1,1,22,1619,1615,3,2481,3.802357197,9.708241463
3,1,1,1,23,1656,1652,4,2483,3.805422306,7.48782444
3,1,1,1,24,1756,1752,3,2479,3.799291849,8.464245796
3,1,1,1,25,1885,1880,4,2481,3.802357197,7.188408852
3,1,1,1,26,1952,1943,8,2479,3.799291849,10.11625957
3,1,1,1,27,2049,2045,4,2482,3.803889751,10.08917522
3,1,1,1,28,2164,2159,4,2481,3.802357197,10.50421333
3,1,1,1,29,2202,2197,4,2486,3.81001997,9.983746529
3,1,1,1,30,2422,2417,5,2483,3.805422306,8.849123001
4,1,1,2,1,67,66,1,2691,4.124201298,16.27722549
4,1,1,2,2,128,127,0,2691,4.124201298,13.33820248
4,1,1,2,3,195,194,0,2679,4.105810165,7.786417007
4,1,1,2,4,272,271,0,2674,4.098146915,6.965634823
4,1,1,2,5,332,331,1,2674,4.098146915,9.906068802
4,1,1,2,6,402,400,1,2675,4.09967947,8.667420387
4,1,1,2,7,462,461,1,2675,4.09967947,9.88929081
4,1,1,2,8,548,546,2,2511,3.848334789,6.04259634
4,1,1,2,9,592,590,1,2497,3.826878548,8.668270111
4,1,1,2,10,685,683,1,2496,3.825345993,8.555921555
4,1,1,2,11,755,753,1,2496,3.825345993,9.371024132
4,1,1,2,12,823,821,2,2496,3.825345993,8.62302494
4,1,1,2,13,892,890,2,2498,3.828411102,8.280431747
4,1,1,2,14,983,981,2,2501,3.833009005,9.21975708
4,1,1,2,15,1047,1044,2,2501,3.833009005,6.758652687
4,1,1,2,16,1111,1108,2,2496,3.825345993,8.85394001
4,1,1,2,17,1224,1221,3,2499,3.829943657,8.660974503
4,1,1,2,18,1289,1286,3,2502,3.834541559,12.62902451
4,1,1,2,19,1354,1350,3,2496,3.825345993,8.774199486
4,1,1,2,20,1447,1444,3,2498,3.828411102,6.750007153
4,1,1,2,21,1514,1510,3,2502,3.834541559,7.725263596
4,1,1,2,22,1596,1592,3,2496,3.825345993,7.771224022
4,1,1,2,23,1705,1700,4,2499,3.829943657,9.439721107
4,1,1,2,24,1759,1755,4,2495,3.823813438,8.884560585
4,1,1,2,25,1869,1865,4,2497,3.826878548,10.61715794
4,1,1,2,26,1963,1957,6,2495,3.823813438,11.09600639
4,1,1,2,27,2045,2040,4,2498,3.828411102,7.103821754
4,1,1,2,28,2155,2150,4,2498,3.828411102,11.09221554
4,1,1,2,29,2247,2242,4,2503,3.836074114,7.894782543
4,1,1,2,30,2334,2329,4,2499,3.829943657,7.517248154
4,1,1,2,1,68,67,1,2707,4.148722649,15.34347534
4,1,1,2,2,134,134,0,2707,4.148722649,13.83013725
4,1,1,2,3,195,194,0,2707,4.148722649,17.03569412
4,1,1,2,4,262,262,0,2678,4.104277611,19.64069366
4,1,1,2,5,331,330,1,2678,4.104277611,15.39540005
4,1,1,2,6,401,399,1,2679,4.105810165,15.14959812
4,1,1,2,7,477,476,1,2680,4.10734272,16.06459427
4,1,1,2,8,538,537,1,2505,3.839139223,15.4938879
4,1,1,2,9,605,604,1,2505,3.839139223,17.3476181
4,1,1,2,10,672,670,2,2505,3.839139223,15.74678135
4,1,1,2,11,743,741,2,2505,3.839139223,14.43588543
4,1,1,2,12,837,835,2,2507,3.842204571,17.99041557
4,1,1,2,13,882,880,2,2510,3.846802235,15.05760098
4,1,1,2,14,961,959,2,2510,3.846802235,8.73678875
4,1,1,2,15,1040,1037,2,2506,3.840671778,12.02145767
4,1,1,2,16,1131,1129,2,2508,3.843737125,8.58415699
4,1,1,2,17,1198,1195,2,2512,3.849867344,7.048155308
4,1,1,2,18,1266,1262,3,2506,3.840671778,6.118012428
4,1,1,2,19,1358,1353,4,2508,3.843737125,10.59065056
4,1,1,2,20,1451,1448,3,2511,3.848334789,10.10258389
4,1,1,2,21,1497,1493,3,2507,3.842204571,6.627389908
4,1,1,2,22,1616,1613,3,2509,3.84526968,7.132367611
4,1,1,2,23,1680,1676,4,2513,3.851400137,11.73472023
4,1,1,2,24,1774,1770,4,2507,3.842204571,11.47706604
4,1,1,2,25,1883,1879,4,2511,3.848334789,7.159735203
4,1,1,2,26,1974,1969,4,2507,3.842204571,8.358384132
4,1,1,2,27,2036,2031,4,2512,3.849867344,10.45942783
4,1,1,2,28,2166,2161,4,2508,3.843737125,8.048024178
4,1,1,2,29,2261,2257,4,2505,3.839139223,7.760076046
4,1,1,2,30,2319,2314,4,2509,3.84526968,11.28437519
4,1,1,2,1,67,66,0,2717,4.164048672,15.70535851
4,1,1,2,2,126,125,0,2717,4.164048672,14.30684662
4,1,1,2,3,200,199,0,2709,4.151787758,13.36107254
4,1,1,2,4,256,255,0,2681,4.108875275,13.96563625
4,1,1,2,5,328,327,1,2681,4.108875275,14.51346588
4,1,1,2,6,393,392,1,2681,4.108875275,13.13712025
4,1,1,2,7,462,461,1,2681,4.108875275,13.39762688
4,1,1,2,8,528,526,1,2513,3.851400137,15.51169586
4,1,1,2,9,620,618,1,2513,3.851400137,14.39494038
4,1,1,2,10,672,670,1,2514,3.852932692,18.36231232
4,1,1,2,11,737,735,1,2514,3.852932692,12.37957859
4,1,1,2,12,806,804,2,2514,3.852932692,15.91470718
4,1,1,2,13,893,891,2,2515,3.854465246,16.7696991
4,1,1,2,14,969,967,2,2517,3.857530355,15.77453041
4,1,1,2,15,1021,1018,2,2519,3.860595465,14.3433733
4,1,1,2,16,1098,1095,2,2513,3.851400137,15.37869263
4,1,1,2,17,1175,1172,3,2515,3.854465246,16.79676819
4,1,1,2,18,1261,1258,3,2517,3.857530355,19.35495377
4,1,1,2,19,1352,1349,3,2521,3.863660812,17.17101288
4,1,1,2,20,1411,1408,3,2514,3.852932692,14.38533497
4,1,1,2,21,1512,1506,6,2516,3.855997801,14.06399441
4,1,1,2,22,1596,1593,3,2520,3.862128258,13.03489685
4,1,1,2,23,1669,1665,4,2515,3.854465246,12.5042038
4,1,1,2,24,1750,1746,4,2519,3.860595465,14.365695
4,1,1,2,25,1852,1846,6,2515,3.854465246,13.06634521
4,1,1,2,26,1943,1938,4,2519,3.860595465,14.80667114
4,1,1,2,27,2045,2040,4,2515,3.854465246,8.452451706
4,1,1,2,28,2107,2102,4,2513,3.851400137,6.231169224
4,1,1,2,29,2222,2217,4,2516,3.855997801,9.592561722
4,1,1,2,30,2287,2281,5,2513,3.851400137,9.357488632
5,1,1,3,1,67,66,1,2748,4.211558819,17.07114792
5,1,1,3,2,137,137,0,2749,4.213091373,17.33491325
5,1,1,3,3,193,193,0,2724,4.174776554,16.84375763
5,1,1,3,4,262,261,0,2697,4.133396626,15.89909363
5,1,1,3,5,330,329,1,2697,4.133396626,17.47046471
5,1,1,3,6,403,401,1,2697,4.133396626,13.3344202
5,1,1,3,7,460,458,1,2683,4.111940384,15.27008724
5,1,1,3,8,534,532,1,2517,3.857530355,13.00465584
5,1,1,3,9,597,596,1,2517,3.857530355,16.38342476
5,1,1,3,10,669,668,1,2517,3.857530355,16.0246315
5,1,1,3,11,747,745,2,2519,3.860595465,17.08278847
5,1,1,3,12,814,812,2,2522,3.865193367,15.58202362
5,1,1,3,13,886,884,2,2522,3.865193367,16.5654335
5,1,1,3,14,961,958,2,2518,3.85906291,14.3301754
5,1,1,3,15,1055,1052,2,2520,3.862128258,15.87179947
5,1,1,3,16,1108,1105,2,2522,3.865193367,14.1520977
5,1,1,3,17,1192,1186,6,2518,3.85906291,15.40872002
5,1,1,3,18,1294,1291,3,2520,3.862128258,17.99671364
5,1,1,3,19,1375,1371,3,2523,3.866725922,8.524575233
5,1,1,3,20,1436,1432,3,2518,3.85906291,10.42712307
5,1,1,3,21,1704,1701,3,2520,3.862128258,12.38843155
5,1,1,3,22,1595,1591,3,2523,3.866725922,7.174155235
5,1,1,3,23,1682,1678,4,2519,3.860595465,7.531960487
5,1,1,3,24,1778,1771,6,2522,3.865193367,11.30228806
5,1,1,3,25,1857,1853,4,2518,3.85906291,10.36565495
5,1,1,3,26,2032,2027,4,2520,3.862128258,8.048012733
5,1,1,3,27,2070,2066,4,2518,3.85906291,10.61212158
5,1,1,3,28,2159,2154,4,2522,3.865193367,9.849682808
5,1,1,3,29,2278,2273,4,2520,3.862128258,8.829434395
5,1,1,3,30,2299,2294,5,2518,3.85906291,9.387651443
5,1,1,3,1,70,69,0,2753,4.219221592,14.54216862
5,1,1,3,2,133,132,0,2755,4.222286701,13.59377384
5,1,1,3,3,193,193,0,2743,4.203896046,15.2420702
5,1,1,3,4,275,274,0,2699,4.136461735,18.08566093
5,1,1,3,5,330,329,1,2701,4.139526844,14.74361134
5,1,1,3,6,393,392,1,2701,4.139526844,15.78635979
5,1,1,3,7,463,462,1,2701,4.139526844,12.4584713
5,1,1,3,8,541,540,1,2536,3.886649609,14.49838257
5,1,1,3,9,603,598,4,2536,3.886649609,18.38775635
5,1,1,3,10,677,675,1,2537,3.888182163,15.77393436
5,1,1,3,11,750,748,2,2539,3.891247272,15.34902573
5,1,1,3,12,811,808,2,2541,3.89431262,12.80053997
5,1,1,3,13,886,884,2,2541,3.89431262,17.09668541
5,1,1,3,14,965,962,2,2536,3.886649609,14.3433733
5,1,1,3,15,1024,1022,2,2538,3.889714718,19.42956161
5,1,1,3,16,1129,1126,2,2540,3.892780066,13.18493938
5,1,1,3,17,1211,1208,3,2541,3.89431262,16.68302917
5,1,1,3,18,1255,1252,3,2536,3.886649609,14.3683176
5,1,1,3,19,1349,1346,3,2538,3.889714718,10.79400444
5,1,1,3,20,1484,1480,3,2542,3.895845175,5.138407707
5,1,1,3,21,1512,1508,3,2536,3.886649609,5.759856224
5,1,1,3,22,1610,1606,3,2539,3.891247272,8.068115234
5,1,1,3,23,1718,1714,4,2543,3.897377729,4.463064194
5,1,1,3,24,1803,1799,4,2537,3.888182163,4.812576771
5,1,1,3,25,1900,1896,4,2541,3.89431262,4.221648693
5,1,1,3,26,1978,1973,4,2537,3.888182163,7.120615959
5,1,1,3,27,2020,2016,4,2542,3.895845175,4.86019516
5,1,1,3,28,2174,2166,7,2538,3.889714718,5.605956554
5,1,1,3,29,2232,2227,4,2536,3.886649609,4.792081356
5,1,1,3,30,2305,2300,4,2540,3.892780066,5.990940094
5,1,1,3,1,66,65,1,2731,4.185504913,15.72801304
5,1,1,3,2,128,128,0,2731,4.185504913,16.51384354
5,1,1,3,3,198,197,0,2724,4.174776554,13.99080563
5,1,1,3,4,270,269,0,2697,4.133396626,6.15576601
5,1,1,3,5,323,322,1,2697,4.133396626,9.010149956
5,1,1,3,6,404,403,1,2698,4.13492918,6.580775261
5,1,1,3,7,464,463,1,2699,4.136461735,13.25503731
5,1,1,3,8,549,548,1,2538,3.889714718,9.073406219
5,1,1,3,9,596,594,1,2540,3.892780066,10.0383606
5,1,1,3,10,674,672,1,2540,3.892780066,10.89972973
5,1,1,3,11,749,747,2,2540,3.892780066,10.82989407
5,1,1,3,12,817,815,2,2541,3.89431262,12.4093399
5,1,1,3,13,891,888,2,2542,3.895845175,8.253572464
5,1,1,3,14,959,957,2,2545,3.900442839,12.36023521
5,1,1,3,15,1040,1037,2,2545,3.900442839,9.131178856
5,1,1,3,16,1115,1113,2,2541,3.89431262,11.7577734
5,1,1,3,17,1216,1213,2,2543,3.897377729,8.708065033
5,1,1,3,18,1273,1270,3,2546,3.901975393,7.775389194
5,1,1,3,19,1339,1335,3,2540,3.892780066,7.176601887
5,1,1,3,20,1438,1435,3,2543,3.897377729,6.577013493
5,1,1,3,21,1498,1495,3,2547,3.903508186,7.781653881
5,1,1,3,22,1579,1575,3,2541,3.89431262,7.307301998
5,1,1,3,23,1699,1695,4,2544,3.898910284,6.673546314
5,1,1,3,24,1767,1763,4,2539,3.891247272,6.911811352
5,1,1,3,25,1853,1849,4,2542,3.895845175,7.978108406
5,1,1,3,26,1943,1936,7,2539,3.891247272,7.462417126
5,1,1,3,27,2008,2003,4,2543,3.897377729,9.733911514
5,1,1,3,28,2145,2138,7,2542,3.895845175,9.792302132
5,1,1,3,29,2250,2245,4,2540,3.892780066,9.711713791
5,1,1,3,30,2296,2291,5,2543,3.897377729,7.367043018
6,1,1,4,1,69,68,0,2750,4.214623928,17.82680511
6,1,1,4,2,128,128,0,2750,4.214623928,15.52547264
6,1,1,4,3,199,198,0,2707,4.148722649,16.35202408
6,1,1,4,4,264,263,0,2696,4.131864071,18.49759293
6,1,1,4,5,344,343,1,2697,4.133396626,16.22409248
6,1,1,4,6,397,396,1,2697,4.133396626,16.3691082
6,1,1,4,7,465,464,1,2697,4.133396626,11.8695507
6,1,1,4,8,533,532,1,2547,3.903508186,14.68518353
6,1,1,4,9,602,601,1,2546,3.901975393,15.91376114
6,1,1,4,10,668,667,1,2546,3.901975393,15.60650921
6,1,1,4,11,759,757,1,2548,3.905040741,19.02574158
6,1,1,4,12,816,813,2,2551,3.909638405,15.33371639
6,1,1,4,13,889,887,2,2551,3.909638405,15.51610374
6,1,1,4,14,957,955,2,2547,3.903508186,14.06142998
6,1,1,4,15,1038,1036,2,2549,3.906573296,10.39822102
6,1,1,4,16,1137,1131,5,2551,3.909638405,9.268584251
6,1,1,4,17,1225,1222,3,2553,3.912703753,7.110507965
6,1,1,4,18,1270,1267,3,2547,3.903508186,7.372300148
6,1,1,4,19,1364,1361,3,2549,3.906573296,7.574633598
6,1,1,4,20,1421,1417,3,2552,3.911170959,7.021959782
6,1,1,4,21,1509,1503,6,2547,3.903508186,7.66524601
6,1,1,4,22,1596,1593,3,2550,3.90810585,8.176911354
6,1,1,4,23,1674,1670,4,2554,3.914236307,8.548326492
6,1,1,4,24,1768,1764,4,2548,3.905040741,9.249761581
6,1,1,4,25,1845,1841,4,2552,3.911170959,7.094408035
6,1,1,4,26,1956,1952,4,2548,3.905040741,7.291731834
6,1,1,4,27,2047,2042,4,2553,3.912703753,6.731972694
6,1,1,4,28,2159,2154,4,2549,3.906573296,7.523265362
6,1,1,4,29,2239,2234,4,2546,3.901975393,8.162664413
6,1,1,4,30,2309,2304,5,2550,3.90810585,12.59600353
6,1,1,4,1,69,68,1,2752,4.217689037,8.655707359
6,1,1,4,2,136,135,0,2752,4.217689037,10.95249844
6,1,1,4,3,208,207,0,2726,4.177841663,8.354054451
6,1,1,4,4,262,261,0,2700,4.137994289,12.40890408
6,1,1,4,5,339,338,1,2700,4.137994289,11.43984222
6,1,1,4,6,400,399,1,2700,4.137994289,12.1702261
6,1,1,4,7,478,476,1,2701,4.139526844,8.629200935
6,1,1,4,8,544,542,1,2556,3.917301416,10.13621807
6,1,1,4,9,613,611,1,2557,3.918833971,8.277059555
6,1,1,4,10,683,681,2,2557,3.918833971,8.733369827
6,1,1,4,11,753,751,1,2557,3.918833971,9.525046349
6,1,1,4,12,827,825,2,2558,3.920366526,9.890387535
6,1,1,4,13,915,913,2,2560,3.923431873,8.29621315
6,1,1,4,14,966,963,2,2563,3.928029537,10.08092594
6,1,1,4,15,1049,1047,2,2563,3.928029537,9.285053253
6,1,1,4,16,1125,1122,2,2559,3.92189908,7.303305626
6,1,1,4,17,1197,1194,2,2561,3.924964428,7.840923309
6,1,1,4,18,1270,1267,3,2564,3.929562092,8.661922455
6,1,1,4,19,1353,1350,3,2558,3.920366526,7.440919399
6,1,1,4,20,1434,1430,3,2560,3.923431873,8.825143814
6,1,1,4,21,1498,1494,3,2564,3.929562092,9.003661156
6,1,1,4,22,1615,1611,3,2558,3.920366526,7.704485893
6,1,1,4,23,1684,1680,4,2561,3.924964428,9.896977425
6,1,1,4,24,1776,1772,4,2557,3.918833971,13.14454365
6,1,1,4,25,1886,1882,4,2559,3.92189908,8.015903473
6,1,1,4,26,1973,1965,7,2557,3.918833971,9.733322144
6,1,1,4,27,2050,2045,4,2561,3.924964428,10.42182922
6,1,1,4,28,2183,2178,4,2560,3.923431873,8.573741913
6,1,1,4,29,2221,2216,4,2564,3.929562092,8.582383156
6,1,1,4,30,2324,2319,4,2561,3.924964428,11.20158768
6,1,1,4,1,67,66,0,2758,4.226884842,16.69076538
6,1,1,4,2,142,141,0,2760,4.229949951,15.02336884
6,1,1,4,3,194,193,0,2729,4.182439804,16.80085754
6,1,1,4,4,266,265,0,2713,4.157917976,13.03193092
6,1,1,4,5,328,327,1,2705,4.145657539,14.7069273
6,1,1,4,6,397,396,1,2705,4.145657539,14.21565723
6,1,1,4,7,458,457,1,2705,4.145657539,13.64724064
6,1,1,4,8,531,530,1,2566,3.932627201,14.22454739
6,1,1,4,9,598,596,1,2566,3.932627201,12.60141277
6,1,1,4,10,676,674,1,2567,3.934159994,14.03800392
6,1,1,4,11,739,737,1,2569,3.937225103,17.25616646
6,1,1,4,12,810,808,2,2569,3.937225103,14.21360779
6,1,1,4,13,889,883,5,2566,3.932627201,6.540641785
6,1,1,4,14,956,953,2,2567,3.934159994,7.281523228
6,1,1,4,15,1046,1043,2,2569,3.937225103,9.618390083
6,1,1,4,16,1117,1114,2,2570,3.938757658,8.337473869
6,1,1,4,17,1178,1175,3,2566,3.932627201,7.309988022
6,1,1,4,18,1248,1245,3,2568,3.935692549,6.555932045
6,1,1,4,19,1333,1330,3,2570,3.938757658,7.256519794
6,1,1,4,20,1420,1416,3,2564,3.929562092,8.212620735
6,1,1,4,21,1501,1494,7,2567,3.934159994,8.255783081
6,1,1,4,22,1561,1558,3,2571,3.940290213,7.755827904
6,1,1,4,23,1654,1650,4,2567,3.934159994,7.412204742
6,1,1,4,24,1798,1793,4,2570,3.938757658,7.21700573
6,1,1,4,25,1836,1831,4,2566,3.932627201,8.085782051
6,1,1,4,26,1944,1940,4,2568,3.935692549,8.447782516
6,1,1,4,27,2036,2032,4,2565,3.931094646,9.808751106
6,1,1,4,28,2123,2118,4,2570,3.938757658,10.75235081
6,1,1,4,29,2217,2212,4,2568,3.935692549,6.596394539
6,1,1,4,30,2318,2313,4,2566,3.932627201,7.208617687
7,1,1,5,1,72,71,1,2835,4.344894409,13.77384853
7,1,1,5,2,125,124,0,2822,4.324970722,13.09242249
7,1,1,5,3,194,193,0,2810,4.30657959,15.07745266
7,1,1,5,4,253,252,0,2792,4.278992653,17.76090813
7,1,1,5,5,326,325,1,2792,4.278992653,15.62794495
7,1,1,5,6,388,387,1,2792,4.278992653,12.24205685
7,1,1,5,7,965,963,1,2625,4.023050308,13.20094776
7,1,1,5,8,1062,1060,1,2626,4.024582863,14.30121517
7,1,1,5,9,1214,1212,1,2626,4.024582863,13.9022646
7,1,1,5,10,1352,1351,1,2626,4.024582863,17.67683029
7,1,1,5,11,1487,1485,2,2628,4.027647972,14.70821953
7,1,1,5,12,1636,1634,2,2629,4.029180527,16.37036705
7,1,1,5,13,1769,1767,2,2632,4.033778191,16.55449486
7,1,1,5,14,1921,1919,2,2632,4.033778191,17.94205284
7,1,1,5,15,2044,2041,2,2628,4.027647972,16.36519051
7,1,1,5,16,2195,2192,2,2630,4.030713081,10.21660614
7,1,1,5,17,2406,2403,3,2634,4.0368433,9.730793953
7,1,1,5,18,2510,2507,3,2627,4.026115417,8.988442421
7,1,1,5,19,2654,2649,5,2629,4.029180527,9.184633255
7,1,1,5,20,2758,2754,3,2633,4.035310745,15.6537447
7,1,1,5,21,2918,2914,3,2628,4.027647972,15.12130356
7,1,1,5,22,3073,3069,3,2631,4.032245636,15.93104458
7,1,1,5,23,3201,3197,4,2626,4.024582863,10.21261406
7,1,1,5,24,3434,3430,4,2629,4.029180527,16.87398529
7,1,1,5,25,3503,3499,4,2627,4.026115417,14.23559952
7,1,1,5,26,3657,3653,4,2629,4.029180527,13.96040726
7,1,1,5,27,3845,3841,4,2627,4.026115417,14.8045435
7,1,1,5,28,3135,3130,4,2631,4.032245636,13.83568668
7,1,1,5,29,2231,2227,4,2630,4.030713081,16.11054611
7,1,1,5,30,2278,2273,5,2628,4.027647972,14.19343662
7,1,1,5,1,68,67,0,2864,4.38933944702148,16.3255977630615
7,1,1,5,2,132,132,0,2814,4.31270980834961,14.8041334152222
7,1,1,5,3,195,194,0,2814,4.31270980834961,13.5620517730713
7,1,1,5,4,262,262,0,2811,4.30811214447021,13.0395679473877
7,1,1,5,5,330,328,1,2811,4.30811214447021,14.8097295761108
7,1,1,5,6,391,390,1,2812,4.30964469909668,15.9668207168579
7,1,1,5,7,471,469,2,2812,4.30964469909668,13.511887550354
7,1,1,5,8,535,533,1,2629,4.0291805267334,12.2511501312256
7,1,1,5,9,599,597,1,2629,4.0291805267334,16.6382236480713
7,1,1,5,10,667,665,1,2629,4.0291805267334,12.8636178970337
7,1,1,5,11,744,742,1,2630,4.03071308135986,15.1617641448975
7,1,1,5,12,825,823,2,2632,4.03377819061279,14.33278465271
7,1,1,5,13,884,881,2,2634,4.03684329986572,13.3783283233643
7,1,1,5,14,959,956,2,2634,4.03684329986572,16.0331039428711
7,1,1,5,15,1030,1027,2,2631,4.03224563598633,14.9471578598022
7,1,1,5,16,1120,1117,2,2632,4.03377819061279,15.2705783843994
7,1,1,5,17,1192,1189,3,2636,4.03990888595581,16.918529510498
7,1,1,5,18,1266,1263,3,2630,4.03071308135986,19.800760269165
7,1,1,5,19,1339,1333,6,2632,4.03377819061279,17.0217418670654
7,1,1,5,20,1409,1405,3,2636,4.03990888595581,14.4141225814819
7,1,1,5,21,1515,1511,3,2631,4.03224563598633,8.13608837127686
7,1,1,5,22,1589,1585,3,2633,4.03531074523926,10.5390157699585
7,1,1,5,23,1673,1669,4,2629,4.0291805267334,8.11583614349365
7,1,1,5,24,1766,1762,4,2632,4.03377819061279,8.63973236083984
7,1,1,5,25,1833,1829,4,2636,4.03990888595581,10.3592100143433
7,1,1,5,26,1966,1962,4,2632,4.03377819061279,8.22340965270996
7,1,1,5,27,2071,2067,4,2630,4.03071308135986,8.31148815155029
7,1,1,5,28,2168,2163,4,2633,4.03531074523926,8.63973331451416
7,1,1,5,29,2238,2233,4,2630,4.03071308135986,8.33621597290039
7,1,1,5,30,2314,2308,5,2630,4.03071308135986,12.1192979812622
7,1,1,5,1,127,126,1,2845,4.36021995544434,13.9446649551392
7,1,1,5,2,251,250,0,2820,4.3219051361084,13.5615243911743
7,1,1,5,3,379,378,0,2803,4.29585123062134,14.6150703430176
7,1,1,5,4,514,513,0,2803,4.29585123062134,11.3739252090454
7,1,1,5,5,633,632,1,2803,4.29585123062134,11.8489542007446
7,1,1,5,6,790,786,4,2640,4.04603910446167,16.1410522460938
7,1,1,5,7,919,918,1,2640,4.04603910446167,15.9626007080078
7,1,1,5,8,1082,1081,1,2640,4.04603910446167,13.7122421264648
7,1,1,5,9,1186,1184,1,2642,4.0491042137146,14.2255229949951
7,1,1,5,10,1336,1334,1,2642,4.0491042137146,13.4358987808228
7,1,1,5,11,1480,1478,2,2642,4.0491042137146,17.3608264923096
7,1,1,5,12,1617,1615,2,2643,4.05063676834106,15.2595491409302
7,1,1,5,13,1757,1752,5,2645,4.05370187759399,15.2393083572388
7,1,1,5,14,1898,1896,2,2648,4.05829954147339,14.5027027130127
7,1,1,5,15,2020,2017,2,2648,4.05829954147339,14.4194278717041
7,1,1,5,16,2161,2158,2,2644,4.05216932296753,17.078104019165
7,1,1,5,17,2315,2312,2,2647,4.05676698684692,15.6580333709717
7,1,1,5,18,2445,2441,3,2650,4.06136512756348,19.5835304260254
7,1,1,5,19,2592,2589,3,2643,4.05063676834106,16.809663772583
7,1,1,5,20,2747,2743,3,2645,4.05370187759399,14.2492074966431
7,1,1,5,21,2885,2882,3,2649,4.05983257293701,14.4262952804565
7,1,1,5,22,3040,3037,3,2644,4.05216932296753,15.2454347610474
7,1,1,5,23,3192,3188,4,2646,4.05523443222046,16.2009201049805
7,1,1,5,24,3325,3321,4,2642,4.0491042137146,13.915168762207
7,1,1,5,25,3495,3491,4,2645,4.05370187759399,13.9893474578857
7,1,1,5,26,3599,3594,4,2642,4.0491042137146,12.0956525802612
7,1,1,5,27,3790,3786,4,2645,4.05370187759399,13.2736501693726
7,1,1,5,28,3959,3954,4,2642,4.0491042137146,16.029842376709
7,1,1,5,29,4108,4101,7,2642,4.0491042137146,12.0452795028687
7,1,1,5,30,4226,4221,4,2645,4.05370187759399,14.3177423477173
9,1,2,6,1,67,66,0,2863,4.38780689239502,14.3591899871826
9,1,2,6,2,130,129,0,2846,4.3617525100708,13.7672481536865
9,1,2,6,3,195,194,0,2831,4.33876371383667,14.7160720825195
9,1,2,6,4,264,264,0,2808,4.30351400375366,15.5733213424683
9,1,2,6,5,332,331,1,2808,4.30351400375366,17.7327976226807
9,1,2,6,6,409,407,1,2809,4.30504703521729,13.7175931930542
9,1,2,6,7,466,464,1,2649,4.05983257293701,13.1902437210083
9,1,2,6,8,541,540,1,2648,4.05829954147339,13.63037109375
9,1,2,6,9,606,604,1,2647,4.05676698684692,12.3847942352295
9,1,2,6,10,676,674,1,2647,4.05676698684692,14.6582555770874
9,1,2,6,11,747,745,2,2648,4.05829954147339,16.7161712646484
9,1,2,6,12,834,831,2,2649,4.05983257293701,12.2786874771118
9,1,2,6,13,891,889,2,2652,4.06443023681641,16.5150604248047
9,1,2,6,14,970,967,2,2652,4.06443023681641,14.2879962921143
9,1,2,6,15,1038,1036,2,2647,4.05676698684692,12.5656318664551
9,1,2,6,16,1122,1119,2,2649,4.05983257293701,17.3847103118896
9,1,2,6,17,1198,1195,2,2651,4.06289768218994,16.1674251556396
9,1,2,6,18,1272,1269,3,2654,4.06749534606934,13.0249099731445
9,1,2,6,19,1359,1356,3,2647,4.05676698684692,17.5893211364746
9,1,2,6,20,1435,1432,3,2649,4.05983257293701,16.5054492950439
9,1,2,6,21,1539,1536,3,2653,4.06596279144287,15.9626541137695
9,1,2,6,22,1602,1598,3,2647,4.05676698684692,13.8352394104004
9,1,2,6,23,1666,1659,6,2651,4.06289768218994,14.3182382583618
9,1,2,6,24,1758,1754,4,2648,4.05829954147339,13.5191202163696
9,1,2,6,25,1861,1857,4,2651,4.06289768218994,12.6247882843018
9,1,2,6,26,1973,1968,4,2646,4.05523443222046,17.4547576904297
9,1,2,6,27,2019,2015,4,2651,4.06289768218994,14.6707487106323
9,1,2,6,28,2163,2158,4,2649,4.05983257293701,15.982081413269
9,1,2,6,29,2229,2224,4,2646,4.05523443222046,17.0886058807373
9,1,2,6,30,2318,2313,4,2649,4.05983257293701,14.2012338638306
9,1,2,6,1,70,69,0,2855,4.37554597854614,19.1110649108887
9,1,2,6,2,127,127,0,2837,4.34795951843262,15.2456541061401
9,1,2,6,3,200,200,0,2811,4.30811214447021,10.5581254959106
9,1,2,6,4,263,262,0,2798,4.28818845748901,9.31993579864502
9,1,2,6,5,338,337,1,2799,4.28972101211548,6.55351781845093
9,1,2,6,6,393,392,1,2800,4.29125356674194,10.7997274398804
9,1,2,6,7,476,475,1,2669,4.09048414230347,9.68901634216309
9,1,2,6,8,538,536,1,2654,4.06749534606934,10.0767230987549
9,1,2,6,9,658,656,1,2655,4.0690279006958,9.55928611755371
9,1,2,6,10,691,689,1,2655,4.0690279006958,9.06303215026855
9,1,2,6,11,749,747,1,2655,4.0690279006958,8.70356273651123
9,1,2,6,12,822,820,2,2656,4.07056045532227,10.6773490905762
9,1,2,6,13,908,905,2,2657,4.07209300994873,7.57694005966187
9,1,2,6,14,965,963,2,2660,4.07669067382813,9.34987926483154
9,1,2,6,15,1049,1046,2,2659,4.07515811920166,9.62109756469727
9,1,2,6,16,1116,1113,2,2656,4.07056045532227,9.46329593658447
9,1,2,6,17,1225,1222,3,2658,4.0736255645752,9.46239566802979
9,1,2,6,18,1271,1268,3,2659,4.07515811920166,6.81868505477905
9,1,2,6,19,1342,1339,3,2656,4.07056045532227,10.1428127288818
9,1,2,6,20,1431,1427,3,2658,4.0736255645752,8.58924007415771
9,1,2,6,21,1504,1501,3,2662,4.07975578308105,10.4145994186401
9,1,2,6,22,1589,1585,3,2656,4.07056045532227,8.84912204742432
9,1,2,6,23,1677,1672,4,2659,4.07515811920166,8.55774974822998
9,1,2,6,24,1767,1759,7,2655,4.0690279006958,9.03806686401367
9,1,2,6,25,1871,1867,4,2657,4.07209300994873,8.30421447753906
9,1,2,6,26,1945,1937,7,2655,4.0690279006958,9.964186668396
9,1,2,6,27,2007,2002,4,2658,4.0736255645752,6.04477310180664
9,1,2,6,28,2139,2134,5,2657,4.07209300994873,10.8610248565674
9,1,2,6,29,2246,2242,4,2662,4.07975578308105,7.3232626914978
9,1,2,6,30,2308,2303,4,2659,4.07515811920166,8.35399436950684
9,1,2,6,1,69,68,1,2851,4.36941576004028,14.6675510406494
9,1,2,6,2,127,127,0,2841,4.35408973693848,15.6416387557983
9,1,2,6,3,198,198,0,2818,4.31884002685547,15.8089294433594
9,1,2,6,4,261,260,0,2801,4.29278612136841,14.6933164596558
9,1,2,6,5,324,323,1,2802,4.29431867599487,17.6259250640869
9,1,2,6,6,396,395,1,2802,4.29431867599487,13.599552154541
9,1,2,6,7,462,461,1,2802,4.29431867599487,7.17414236068726
9,1,2,6,8,543,541,1,2661,4.07822322845459,12.0907497406006
9,1,2,6,9,607,605,1,2661,4.07822322845459,10.5119981765747
9,1,2,6,10,663,661,1,2662,4.07975578308105,10.6974239349365
9,1,2,6,11,767,765,2,2663,4.08128881454468,6.32570219039917
9,1,2,6,12,805,803,2,2666,4.08588647842407,10.6271276473999
9,1,2,6,13,898,895,2,2666,4.08588647842407,6.15481567382813
9,1,2,6,14,979,976,2,2662,4.07975578308105,4.96948957443237
9,1,2,6,15,1042,1040,2,2664,4.08282136917114,5.02617740631104
9,1,2,6,16,1129,1123,5,2666,4.08588647842407,5.64533472061157
9,1,2,6,17,1183,1180,3,2668,4.088951587677,4.91016387939453
9,1,2,6,18,1295,1292,3,2662,4.07975578308105,3.80499649047852
9,1,2,6,19,1353,1350,3,2664,4.08282136917114,4.38148498535156
9,1,2,6,20,1426,1422,4,2668,4.088951587677,7.37215805053711
9,1,2,6,21,1536,1533,3,2663,4.08128881454468,3.96197581291199
9,1,2,6,22,1645,1641,3,2665,4.08435392379761,5.0609278678894
9,1,2,6,23,1691,1687,4,2669,4.09048414230347,5.38641548156738
9,1,2,6,24,1770,1766,4,2663,4.08128881454468,4.91378736495972
9,1,2,6,25,1883,1879,4,2667,4.08741903305054,7.33898591995239
9,1,2,6,26,1995,1991,4,2664,4.08282136917114,4.84903717041016
9,1,2,6,27,2049,2045,4,2668,4.088951587677,5.87120485305786
9,1,2,6,28,2161,2156,4,2664,4.08282136917114,5.99863147735596
9,1,2,6,29,2266,2258,7,2662,4.07975578308105,6.71939849853516
9,1,2,6,30,2374,2369,4,2666,4.08588647842407,6.6626877784729
10,1,2,7,1,76,76,0,2881,4.41539335250854,9.07341766357422
10,1,2,7,2,141,140,0,2881,4.41539335250854,15.7867755889893
10,1,2,7,3,194,193,0,2849,4.36635065078735,13.1396236419678
10,1,2,7,4,262,262,0,2848,4.36481761932373,12.3994407653809
10,1,2,7,5,332,331,1,2840,4.35255718231201,15.0190486907959
10,1,2,7,6,397,396,1,2840,4.35255718231201,13.2372016906738
10,1,2,7,7,476,474,1,2840,4.35255718231201,12.470308303833
10,1,2,7,8,531,529,1,2670,4.09201669692993,14.7946786880493
10,1,2,7,9,606,605,1,2671,4.0935492515564,15.543514251709
10,1,2,7,10,677,675,1,2672,4.09508180618286,14.3298988342285
10,1,2,7,11,740,738,1,2672,4.09508180618286,16.724739074707
10,1,2,7,12,816,814,2,2672,4.09508180618286,14.7188634872437
10,1,2,7,13,888,885,2,2671,4.0935492515564,13.6421089172363
10,1,2,7,14,968,965,2,2673,4.09661436080933,15.7606449127197
10,1,2,7,15,1033,1030,2,2676,4.10121250152588,16.6173896789551
10,1,2,7,16,1107,1104,2,2670,4.09201669692993,15.9075021743774
10,1,2,7,17,1176,1173,3,2672,4.09508180618286,13.5495767593384
10,1,2,7,18,1257,1253,3,2674,4.09814691543579,14.4123659133911
10,1,2,7,19,1331,1327,3,2675,4.09967947006226,15.5967845916748
10,1,2,7,20,1427,1424,3,2671,4.0935492515564,14.2983570098877
10,1,2,7,21,1501,1498,3,2673,4.09661436080933,12.894097328186
10,1,2,7,22,1600,1596,3,2670,4.09201669692993,13.9860687255859
10,1,2,7,23,1673,1669,4,2672,4.09508180618286,14.1779108047485
10,1,2,7,24,1739,1733,6,2676,4.10121250152588,15.3481531143188
10,1,2,7,25,1833,1829,4,2672,4.09508180618286,14.5687208175659
10,1,2,7,26,1900,1896,4,2676,4.10121250152588,12.9497766494751
10,1,2,7,27,2053,2048,4,2673,4.09661436080933,18.11669921875
10,1,2,7,28,2102,2098,4,2670,4.09201669692993,14.6413536071777
10,1,2,7,29,2232,2227,5,2673,4.09661436080933,13.7895746231079
10,1,2,7,30,2283,2277,5,2671,4.0935492515564,17.2033748626709
10,1,2,7,1,70,69,1,2868,4.39546966552734,13.4664554595947
10,1,2,7,2,134,134,0,2868,4.39546966552734,13.833517074585
10,1,2,7,3,193,193,0,2847,4.36328506469727,16.3119354248047
10,1,2,7,4,295,294,0,2847,4.36328506469727,17.7868499755859
10,1,2,7,5,324,323,0,2844,4.35868740081787,13.6373920440674
10,1,2,7,6,396,395,1,2844,4.35868740081787,12.7975072860718
10,1,2,7,7,465,463,2,2845,4.36021995544434,12.6716899871826
10,1,2,7,8,524,523,1,2680,4.10734272003174,13.8491764068604
10,1,2,7,9,593,591,1,2678,4.10427761077881,18.9274044036865
10,1,2,7,10,665,660,5,2678,4.10427761077881,14.4344863891602
10,1,2,7,11,740,738,2,2679,4.10581016540527,12.8129119873047
10,1,2,7,12,806,804,2,2680,4.10734272003174,13.9769916534424
10,1,2,7,13,888,886,2,2682,4.11040782928467,10.6969680786133
10,1,2,7,14,945,943,2,2683,4.11194038391113,14.0119094848633
10,1,2,7,15,1026,1023,2,2683,4.11194038391113,12.5469055175781
10,1,2,7,16,1090,1087,2,2680,4.10734272003174,13.2393684387207
10,1,2,7,17,1204,1201,2,2682,4.11040782928467,20.0092430114746
10,1,2,7,18,1288,1284,4,2685,4.11500549316406,15.1329879760742
10,1,2,7,19,1344,1341,3,2679,4.10581016540527,15.5520496368408
10,1,2,7,20,1421,1418,3,2681,4.1088752746582,15.4611024856567
10,1,2,7,21,1526,1522,3,2685,4.11500549316406,17.7992477416992
10,1,2,7,22,1603,1599,3,2680,4.10734272003174,12.5291709899902
10,1,2,7,23,1704,1700,4,2682,4.11040782928467,12.9490089416504
10,1,2,7,24,1740,1736,4,2678,4.10427761077881,12.4097023010254
10,1,2,7,25,1835,1830,4,2681,4.1088752746582,12.2921686172485
10,1,2,7,26,1909,1905,4,2678,4.10427761077881,16.830057144165
10,1,2,7,27,2007,2003,4,2682,4.11040782928467,8.93717002868652
10,1,2,7,28,2092,2087,4,2681,4.1088752746582,9.63737106323242
10,1,2,7,29,2181,2176,5,2679,4.10581016540527,7.92638301849365
10,1,2,7,30,2289,2284,4,2682,4.11040782928467,9.02456665039063
10,1,2,7,1,70,69,1,2915,4.46750164031982,14.6168279647827
10,1,2,7,2,129,128,0,2916,4.46903419494629,13.3200912475586
10,1,2,7,3,195,194,0,2896,4.43838214874268,8.65861129760742
10,1,2,7,4,276,275,0,2897,4.43991470336914,7.30120706558228
10,1,2,7,5,329,328,1,2887,4.42458868026733,8.32894229888916
10,1,2,7,6,430,429,1,2887,4.42458868026733,7.0236964225769
10,1,2,7,7,522,521,1,2889,4.42765426635742,13.4312152862549
10,1,2,7,8,581,579,1,2729,4.18243980407715,8.1027193069458
10,1,2,7,9,608,606,1,2729,4.18243980407715,12.5347242355347
10,1,2,7,10,689,687,1,2725,4.17630910873413,9.59433650970459
10,1,2,7,11,750,748,2,2726,4.1778416633606,9.27180767059326
10,1,2,7,12,843,841,2,2727,4.17937421798706,9.73457145690918
10,1,2,7,13,898,895,2,2725,4.17630910873413,11.6634683609009
10,1,2,7,14,982,979,2,2724,4.17477655410767,9.62844467163086
10,1,2,7,15,1043,1040,2,2722,4.17171144485474,11.9898061752319
10,1,2,7,16,1129,1126,2,2723,4.1732439994812,9.36122131347656
10,1,2,7,17,1211,1208,2,2726,4.1778416633606,7.62239170074463
10,1,2,7,18,1274,1271,3,2727,4.17937421798706,9.54370880126953
10,1,2,7,19,1363,1359,3,2721,4.17017889022827,13.5967674255371
10,1,2,7,20,1453,1450,3,2723,4.1732439994812,8.19945812225342
10,1,2,7,21,1529,1526,3,2727,4.17937421798706,8.92117881774902
10,1,2,7,22,1626,1622,3,2722,4.17171144485474,8.51589107513428
10,1,2,7,23,1678,1674,4,2724,4.17477655410767,8.04627704620361
10,1,2,7,24,1757,1753,4,2720,4.16864633560181,9.80230140686035
10,1,2,7,25,1877,1873,4,2723,4.1732439994812,8.45544147491455
10,1,2,7,26,1941,1937,4,2721,4.17017889022827,9.73344421386719
10,1,2,7,27,2028,2024,4,2723,4.1732439994812,9.51375007629395
10,1,2,7,28,2139,2134,4,2721,4.17017889022827,7.77769613265991
10,1,2,7,29,2238,2233,4,2725,4.17630910873413,8.6909761428833
10,1,2,7,30,2323,2318,5,2724,4.17477655410767,10.3777408599854
11,1,2,8,1,73,72,1,2939,4.50428342819214,17.0737266540527
11,1,2,8,2,127,126,0,2939,4.50428342819214,18.5506324768066
11,1,2,8,3,194,194,0,2907,4.45524072647095,12.3422946929932
11,1,2,8,4,261,260,0,2900,4.44451236724854,15.3772430419922
11,1,2,8,5,329,328,1,2899,4.44297981262207,23.6303424835205
11,1,2,8,6,399,398,1,2899,4.44297981262207,19.7384014129639
11,1,2,8,7,471,470,1,2901,4.446044921875,14.6890487670898
11,1,2,8,8,531,530,1,2740,4.19929790496826,16.9697036743164
11,1,2,8,9,607,606,1,2731,4.18550491333008,18.0670909881592
11,1,2,8,10,672,670,1,2730,4.18397235870361,8.91854953765869
11,1,2,8,11,754,752,1,2732,4.18703746795654,7.28537082672119
11,1,2,8,12,816,814,2,2733,4.18857002258301,10.6112327575684
11,1,2,8,13,928,925,2,2735,4.19163513183594,8.10251045227051
11,1,2,8,14,983,980,2,2737,4.19470024108887,8.15981483459473
11,1,2,8,15,1054,1051,2,2737,4.19470024108887,6.88485193252563
11,1,2,8,16,1150,1146,3,2733,4.18857002258301,10.2654600143433
11,1,2,8,17,1227,1224,2,2735,4.19163513183594,11.3623046875
11,1,2,8,18,1324,1321,3,2737,4.19470024108887,7.09798717498779
11,1,2,8,19,1402,1399,3,2732,4.18703746795654,8.25581455230713
11,1,2,8,20,1444,1441,3,2734,4.19010257720947,10.601357460022
11,1,2,8,21,1562,1558,3,2738,4.19623279571533,6.97238206863403
11,1,2,8,22,1618,1614,3,2733,4.18857002258301,8.35978412628174
11,1,2,8,23,1721,1717,4,2735,4.19163513183594,8.91925144195557
11,1,2,8,24,1789,1785,4,2731,4.18550491333008,8.73314571380615
11,1,2,8,25,1928,1924,4,2734,4.19010257720947,9.42628192901611
11,1,2,8,26,2001,1996,4,2731,4.18550491333008,12.9536437988281
11,1,2,8,27,2182,2174,7,2734,4.19010257720947,9.53780746459961
11,1,2,8,28,2219,2214,4,2731,4.18550491333008,8.03234100341797
11,1,2,8,29,2304,2300,4,2736,4.1931676864624,8.80577087402344
11,1,2,8,30,2347,2342,5,2735,4.19163513183594,8.38752841949463
11,1,2,8,1,67,66,0,2946,4.51501178741455,12.5783529281616
11,1,2,8,2,134,133,0,2946,4.51501178741455,14.3714008331299
11,1,2,8,3,196,196,0,2920,4.47516441345215,14.3768072128296
11,1,2,8,4,267,266,0,2900,4.44451236724854,15.1472015380859
11,1,2,8,5,331,330,1,2900,4.44451236724854,15.7643394470215
11,1,2,8,6,403,401,1,2900,4.44451236724854,17.1653919219971
11,1,2,8,7,468,466,1,2900,4.44451236724854,15.140474319458
11,1,2,8,8,537,536,1,2740,4.19929790496826,15.0838088989258
11,1,2,8,9,605,603,1,2741,4.20083045959473,20.0649185180664
11,1,2,8,10,690,688,1,2742,4.20236349105835,17.2788753509521
11,1,2,8,11,754,752,2,2744,4.20542860031128,9.33632946014404
11,1,2,8,12,826,823,2,2744,4.20542860031128,9.84543132781982
11,1,2,8,13,905,902,2,2741,4.20083045959473,8.48723888397217
11,1,2,8,14,968,965,2,2742,4.20236349105835,7.46670532226563
11,1,2,8,15,1115,1112,2,2744,4.20542860031128,11.6414489746094
11,1,2,8,16,1135,1132,2,2746,4.20849370956421,7.11522102355957
11,1,2,8,17,1197,1194,2,2741,4.20083045959473,7.24669456481934
11,1,2,8,18,1278,1275,3,2743,4.20389604568481,10.3192129135132
11,1,2,8,19,1367,1364,3,2745,4.20696115493774,7.87179470062256
11,1,2,8,20,1433,1429,3,2747,4.21002626419067,8.05766296386719
11,1,2,8,21,1524,1521,3,2742,4.20236349105835,9.59755992889404
11,1,2,8,22,1588,1584,3,2744,4.20542860031128,7.08991432189941
11,1,2,8,23,1672,1668,4,2740,4.19929790496826,10.8645925521851
11,1,2,8,24,1771,1767,4,2743,4.20389604568481,7.51673364639282
11,1,2,8,25,1866,1861,4,2740,4.19929790496826,8.03229331970215
11,1,2,8,26,1953,1949,4,2743,4.20389604568481,8.58236885070801
11,1,2,8,27,2062,2058,4,2741,4.20083045959473,7.56989812850952
11,1,2,8,28,2162,2158,4,2744,4.20542860031128,7.78665781021118
11,1,2,8,29,2253,2246,7,2743,4.20389604568481,9.36445903778076
11,1,2,8,30,2300,2295,5,2742,4.20236349105835,10.1861696243286
11,1,2,8,1,70,69,0,2970,4.55179405212402,14.9838371276855
11,1,2,8,2,129,128,0,2970,4.55179405212402,12.0421438217163
11,1,2,8,3,194,194,0,2936,4.49968576431274,15.3011064529419
11,1,2,8,4,254,253,0,2917,4.47056674957275,15.7883567810059
11,1,2,8,5,329,328,1,2911,4.46137094497681,15.2875232696533
11,1,2,8,6,395,394,1,2911,4.46137094497681,16.0770225524902
11,1,2,8,7,472,470,2,2912,4.46290349960327,14.9299783706665
11,1,2,8,8,538,537,1,2750,4.21462392807007,16.3639163970947
11,1,2,8,9,601,599,1,2750,4.21462392807007,15.046932220459
11,1,2,8,10,663,661,1,2750,4.21462392807007,16.2872200012207
11,1,2,8,11,738,736,1,2750,4.21462392807007,14.3483247756958
11,1,2,8,12,819,817,2,2751,4.21615648269653,13.4319114685059
11,1,2,8,13,896,894,2,2753,4.21922159194946,14.5443811416626
11,1,2,8,14,952,949,2,2754,4.22075414657593,15.5704288482666
11,1,2,8,15,1024,1021,2,2754,4.22075414657593,17.2514114379883
11,1,2,8,16,1104,1101,2,2751,4.21615648269653,13.7533369064331
11,1,2,8,17,1185,1182,2,2753,4.21922159194946,17.5210208892822
11,1,2,8,18,1257,1254,3,2756,4.22381973266602,12.7069787979126
11,1,2,8,19,1330,1326,3,2750,4.21462392807007,16.3195514678955
11,1,2,8,20,1423,1420,3,2752,4.217689037323,9.01522254943848
11,1,2,8,21,1501,1497,3,2756,4.22381973266602,7.09751081466675
11,1,2,8,22,1576,1572,3,2751,4.21615648269653,8.42294120788574
11,1,2,8,23,1645,1641,4,2753,4.21922159194946,6.32344484329224
11,1,2,8,24,1732,1728,4,2749,4.2130913734436,10.7121801376343
11,1,2,8,25,1864,1860,4,2751,4.21615648269653,7.80218696594238
11,1,2,8,26,1921,1916,4,2749,4.2130913734436,8.58399200439453
11,1,2,8,27,2017,2012,4,2752,4.217689037323,7.58264350891113
11,1,2,8,28,2124,2119,4,2750,4.21462392807007,6.72839593887329
11,1,2,8,29,2189,2184,4,2753,4.21922159194946,7.61201286315918
11,1,2,8,30,2312,2307,4,2752,4.217689037323,10.2364635467529
12,1,2,9,1,68,67,0,2964,4.54259824752808,9.67788314819336
12,1,2,9,2,142,142,0,2931,4.49202299118042,8.94595718383789
12,1,2,9,3,201,200,0,2931,4.49202299118042,10.9006204605103
12,1,2,9,4,271,270,0,2931,4.49202299118042,7.90411233901978
12,1,2,9,5,333,332,0,2913,4.46443605422974,12.0705499649048
12,1,2,9,6,407,406,1,2915,4.46750164031982,7.96549844741821
12,1,2,9,7,465,464,1,2915,4.46750164031982,9.92525959014893
12,1,2,9,8,539,538,1,2753,4.21922159194946,7.93377590179443
12,1,2,9,9,612,610,1,2755,4.22228670120239,11.5197057723999
12,1,2,9,10,685,683,2,2755,4.22228670120239,8.15971755981445
12,1,2,9,11,745,743,1,2754,4.22075414657593,10.3879318237305
12,1,2,9,12,825,823,2,2753,4.21922159194946,8.27909755706787
12,1,2,9,13,891,888,2,2754,4.22075414657593,10.5596179962158
12,1,2,9,14,976,974,2,2756,4.22381973266602,8.04276371002197
12,1,2,9,15,1047,1044,2,2756,4.22381973266602,8.49777317047119
12,1,2,9,16,1103,1100,2,2752,4.217689037323,8.83629131317139
12,1,2,9,17,1189,1186,2,2754,4.22075414657593,10.526780128479
12,1,2,9,18,1317,1314,3,2757,4.22535228729248,10.0314636230469
12,1,2,9,19,1339,1335,3,2759,4.22841739654541,7.39245319366455
12,1,2,9,20,1436,1433,3,2754,4.22075414657593,7.52696466445923
12,1,2,9,21,1507,1503,3,2756,4.22381973266602,7.74050855636597
12,1,2,9,22,1591,1587,3,2760,4.22994995117188,7.91402149200439
12,1,2,9,23,1670,1666,4,2754,4.22075414657593,7.53894233703613
12,1,2,9,24,1774,1770,4,2758,4.22688484191895,10.4534063339233
12,1,2,9,25,1870,1865,4,2755,4.22228670120239,9.67443370819092
12,1,2,9,26,1959,1954,4,2759,4.22841739654541,8.48195648193359
12,1,2,9,27,2044,2039,4,2755,4.22228670120239,7.28844690322876
12,1,2,9,28,2107,2102,4,2759,4.22841739654541,8.77103614807129
12,1,2,9,29,2249,2244,5,2755,4.22228670120239,9.0771312713623
12,1,2,9,30,2271,2266,4,2753,4.21922159194946,7.36430072784424
12,1,2,9,1,68,67,1,2956,4.53033781051636,14.5135374069214
12,1,2,9,2,135,134,0,2956,4.53033781051636,17.2581558227539
12,1,2,9,3,200,199,0,2920,4.47516441345215,17.8208332061768
12,1,2,9,4,268,267,0,2920,4.47516441345215,14.6479978561401
12,1,2,9,5,327,326,0,2903,4.44911050796509,15.4344158172607
12,1,2,9,6,400,398,1,2903,4.44911050796509,13.9486236572266
12,1,2,9,7,462,461,1,2904,4.45064306259155,13.0169811248779
12,1,2,9,8,531,530,1,2758,4.22688484191895,15.1843938827515
12,1,2,9,9,617,615,1,2757,4.22535228729248,11.8618135452271
12,1,2,9,10,672,670,1,2757,4.22535228729248,16.5988998413086
12,1,2,9,11,747,745,1,2757,4.22535228729248,11.6197643280029
12,1,2,9,12,868,866,2,2759,4.22841739654541,9.27375507354736
12,1,2,9,13,918,916,2,2762,4.2330150604248,9.6749439239502
12,1,2,9,14,960,957,2,2761,4.23148250579834,6.97191715240479
12,1,2,9,15,1065,1062,2,2759,4.22841739654541,7.65259027481079
12,1,2,9,16,1147,1144,2,2761,4.23148250579834,7.34312915802002
12,1,2,9,17,1173,1170,2,2764,4.23608016967773,6.60558652877808
12,1,2,9,18,1266,1263,3,2759,4.22841739654541,9.74230194091797
12,1,2,9,19,1341,1337,3,2761,4.23148250579834,10.2628183364868
12,1,2,9,20,1428,1424,3,2763,4.23454761505127,8.90171241760254
12,1,2,9,21,1499,1496,3,2766,4.23914527893066,6.12573575973511
12,1,2,9,22,1585,1581,4,2759,4.22841739654541,7.58614301681519
12,1,2,9,23,1657,1653,3,2763,4.23454761505127,8.06479263305664
12,1,2,9,24,1762,1757,4,2760,4.22994995117188,8.33763885498047
12,1,2,9,25,1856,1852,4,2762,4.2330150604248,7.67989444732666
12,1,2,9,26,1982,1978,4,2758,4.22688484191895,8.13643074035645
12,1,2,9,27,2055,2050,4,2762,4.2330150604248,9.76304626464844
12,1,2,9,28,2115,2110,4,2761,4.23148250579834,5.60087728500366
12,1,2,9,29,2195,2190,4,2759,4.22841739654541,6.99420499801636
12,1,2,9,30,2265,2260,5,2762,4.2330150604248,11.2977209091187
12,1,2,9,1,72,71,0,2960,4.53646802902222,10.4313077926636
12,1,2,9,2,143,143,0,2960,4.53646802902222,9.88666152954102
12,1,2,9,3,215,215,0,2917,4.47056674957275,7.77252769470215
12,1,2,9,4,284,283,0,2917,4.47056674957275,10.4389667510986
12,1,2,9,5,343,342,1,2903,4.44911050796509,8.49609756469727
12,1,2,9,6,405,404,1,2903,4.44911050796509,11.1357431411743
12,1,2,9,7,476,474,1,2903,4.44911050796509,10.9393310546875
12,1,2,9,8,528,526,1,2766,4.23914527893066,10.4087610244751
12,1,2,9,9,622,620,1,2767,4.24067783355713,9.56228160858154
12,1,2,9,10,670,668,1,2769,4.24374341964722,13.5936098098755
12,1,2,9,11,766,764,2,2769,4.24374341964722,10.7232179641724
12,1,2,9,12,812,810,2,2768,4.24221038818359,10.5491151809692
12,1,2,9,13,893,890,2,2768,4.24221038818359,8.69933605194092
12,1,2,9,14,983,978,5,2770,4.24527597427368,7.15998649597168
12,1,2,9,15,1039,1036,2,2773,4.24987363815308,7.36807441711426
12,1,2,9,16,1111,1108,2,2773,4.24987363815308,9.3790922164917
12,1,2,9,17,1193,1190,3,2769,4.24374341964722,8.50655651092529
12,1,2,9,18,1296,1293,3,2771,4.24680852890015,8.69093036651611
12,1,2,9,19,1360,1357,3,2774,4.25140619277954,10.8671989440918
12,1,2,9,20,1436,1432,3,2768,4.24221038818359,7.92423057556152
12,1,2,9,21,1511,1507,3,2770,4.24527597427368,8.04804706573486
12,1,2,9,22,1580,1576,3,2774,4.25140619277954,8.28410053253174
12,1,2,9,23,1699,1695,4,2768,4.24221038818359,8.22349739074707
12,1,2,9,24,1768,1764,4,2772,4.24834108352661,8.46438217163086
12,1,2,9,25,1855,1847,7,2769,4.24374341964722,11.0897283554077
12,1,2,9,26,1939,1935,4,2773,4.24987363815308,8.14366626739502
12,1,2,9,27,2066,2061,4,2769,4.24374341964722,9.37077808380127
12,1,2,9,28,2132,2127,4,2774,4.25140619277954,6.49517250061035
12,1,2,9,29,2286,2281,4,2770,4.24527597427368,6.8580470085144
12,1,2,9,30,2314,2308,5,2767,4.24067783355713,5.28265190124512
13,1,2,10,1,68,67,1,3000,4.59777164459229,13.2986469268799
13,1,2,10,2,136,135,0,3002,4.60083675384521,12.9457683563232
13,1,2,10,3,193,193,0,2951,4.52267456054688,13.3409175872803
13,1,2,10,4,260,259,0,2951,4.52267456054688,16.048318862915
13,1,2,10,5,327,323,3,2938,4.50275087356567,13.5112504959106
13,1,2,10,6,394,392,1,2938,4.50275087356567,13.9329280853271
13,1,2,10,7,479,477,2,2938,4.50275087356567,13.6556596755981
13,1,2,10,8,524,523,1,2775,4.25293874740601,12.3117923736572
13,1,2,10,9,590,588,1,2773,4.24987363815308,13.4660720825195
13,1,2,10,10,664,662,1,2773,4.24987363815308,13.0774946212769
13,1,2,10,11,748,746,1,2775,4.25293874740601,12.5456924438477
13,1,2,10,12,807,805,2,2775,4.25293874740601,16.9024238586426
13,1,2,10,13,878,876,2,2775,4.25293874740601,11.9043703079224
13,1,2,10,14,949,946,2,2773,4.24987363815308,11.7810001373291
13,1,2,10,15,1035,1032,2,2775,4.25293874740601,16.4802169799805
13,1,2,10,16,1100,1094,5,2776,4.25447130203247,11.5203628540039
13,1,2,10,17,1176,1173,2,2772,4.24834108352661,12.8736200332642
13,1,2,10,18,1257,1254,3,2775,4.25293874740601,16.5610256195068
13,1,2,10,19,1351,1348,3,2777,4.25600385665894,12.041166305542
13,1,2,10,20,1412,1409,3,2776,4.25447130203247,7.48533773422241
13,1,2,10,21,1527,1524,3,2774,4.25140619277954,11.9956960678101
13,1,2,10,22,1569,1565,3,2778,4.2575364112854,7.31014537811279
13,1,2,10,23,1655,1651,4,2773,4.24987363815308,7.85581636428833
13,1,2,10,24,1739,1735,4,2776,4.25447130203247,6.59246444702148
13,1,2,10,25,1830,1826,4,2772,4.24834108352661,7.98814725875854
13,1,2,10,26,1894,1890,4,2774,4.25140619277954,11.8272647857666
13,1,2,10,27,2035,2030,4,2252,3.45139384269714,6.92926359176636
13,1,2,10,28,2112,2108,4,2774,4.25140619277954,6.56571245193481
13,1,2,10,29,2219,2214,4,2773,4.24987363815308,4.76856136322021
13,1,2,10,30,2339,2334,5,2771,4.24680852890015,5.69285154342651
13,1,2,10,1,68,67,1,2987,4.57784795761108,16.7219505310059
13,1,2,10,2,127,126,0,2987,4.57784795761108,16.0230121612549
13,1,2,10,3,194,193,0,2962,4.53953313827515,13.7149515151978
13,1,2,10,4,266,265,0,2954,4.52727222442627,15.8909187316895
13,1,2,10,5,330,329,1,2954,4.52727222442627,15.9708871841431
13,1,2,10,6,395,394,1,2954,4.52727222442627,12.99094581604
13,1,2,10,7,491,489,1,2954,4.52727222442627,14.9756088256836
13,1,2,10,8,523,522,1,2794,4.282057762146,14.7894268035889
13,1,2,10,9,607,605,2,2794,4.282057762146,12.4215211868286
13,1,2,10,10,664,662,1,2781,4.26213407516479,15.1848878860474
13,1,2,10,11,734,732,2,2781,4.26213407516479,15.3295412063599
13,1,2,10,12,810,807,2,2781,4.26213407516479,12.4238224029541
13,1,2,10,13,881,879,2,2779,4.25906896591187,11.7554903030396
13,1,2,10,14,971,969,2,2781,4.26213407516479,16.0528182983398
13,1,2,10,15,1022,1019,2,2784,4.26673221588135,11.3037252426147
13,1,2,10,16,1102,1099,2,2784,4.26673221588135,11.7549982070923
13,1,2,10,17,1179,1175,3,2780,4.26060152053833,11.8812437057495
13,1,2,10,18,1263,1260,3,2782,4.26366710662842,15.5433502197266
13,1,2,10,19,1326,1323,3,2785,4.26826477050781,14.0994443893433
13,1,2,10,20,1400,1397,3,2779,4.25906896591187,13.7856245040894
13,1,2,10,21,1498,1495,3,2781,4.26213407516479,11.0964317321777
13,1,2,10,22,1559,1555,3,2785,4.26826477050781,11.9748163223267
13,1,2,10,23,1674,1670,4,2780,4.26060152053833,12.2627000808716
13,1,2,10,24,1729,1723,6,2784,4.26673221588135,13.983983039856
13,1,2,10,25,1825,1820,4,2780,4.26060152053833,12.889684677124
13,1,2,10,26,1903,1895,7,2784,4.26673221588135,15.2511005401611
13,1,2,10,27,2008,2003,4,2780,4.26060152053833,15.0231704711914
13,1,2,10,28,2106,2101,4,2785,4.26826477050781,13.2111043930054
13,1,2,10,29,2209,2202,7,2781,4.26213407516479,14.8512496948242
13,1,2,10,30,2267,2259,8,2779,4.25906896591187,17.0995254516602
13,1,2,10,1,73,71,1,2970,4.55179405212402,16.6153392791748
13,1,2,10,2,135,134,0,2970,4.55179405212402,15.1380376815796
13,1,2,10,3,193,193,0,2952,4.52420711517334,13.7242822647095
13,1,2,10,4,261,260,0,2951,4.52267456054688,16.676118850708
13,1,2,10,5,328,327,1,2951,4.52267456054688,14.89524269104
13,1,2,10,6,399,398,1,2951,4.52267456054688,14.830361366272
13,1,2,10,7,463,461,1,2952,4.52420711517334,16.3799171447754
13,1,2,10,8,539,538,1,2786,4.26979732513428,14.9099063873291
13,1,2,10,9,596,594,1,2787,4.27132987976074,13.391505241394
13,1,2,10,10,662,660,1,2789,4.27439498901367,12.4296340942383
13,1,2,10,11,750,748,2,2789,4.27439498901367,14.7027149200439
13,1,2,10,12,808,806,2,2789,4.27439498901367,13.9606237411499
13,1,2,10,13,906,904,2,2787,4.27132987976074,15.5734882354736
13,1,2,10,14,962,959,2,2789,4.27439498901367,14.5422010421753
13,1,2,10,15,1025,1022,2,2789,4.27439498901367,15.2060642242432
13,1,2,10,16,1104,1101,2,2788,4.27286243438721,14.2451915740967
13,1,2,10,17,1177,1174,3,2790,4.27592754364014,15.340350151062
13,1,2,10,18,1254,1251,3,2791,4.2774600982666,12.77734375
13,1,2,10,19,1338,1335,3,2787,4.27132987976074,16.2874011993408
13,1,2,10,20,1416,1412,3,2789,4.27439498901367,17.4853897094727
13,1,2,10,21,1504,1500,3,2793,4.28052520751953,8.29563331604004
13,1,2,10,22,1589,1585,4,2788,4.27286243438721,7.34385633468628
13,1,2,10,23,1811,1807,3,2790,4.27592754364014,6.24196672439575
13,1,2,10,24,1758,1754,4,2787,4.27132987976074,7.56824111938477
13,1,2,10,25,1863,1859,4,2789,4.27439498901367,8.56728363037109
13,1,2,10,26,1963,1959,4,2786,4.26979732513428,9.32139492034912
13,1,2,10,27,2028,2021,7,2789,4.27439498901367,8.72495651245117
13,1,2,10,28,2109,2104,4,2786,4.26979732513428,10.7097845077515
13,1,2,10,29,2196,2191,4,2791,4.2774600982666,8.17153644561768
13,1,2,10,30,2270,2265,5,2789,4.27439498901367,7.69492149353027
14,1,2,11,1,67,66,1,3004,4.60390186309814,13.3033008575439
14,1,2,11,2,133,133,0,3004,4.60390186309814,13.9247980117798
14,1,2,11,3,195,195,0,2981,4.56865262985229,9.26180744171143
14,1,2,11,4,273,272,0,2980,4.56711959838867,8.74893569946289
14,1,2,11,5,328,327,1,2980,4.56711959838867,9.67911148071289
14,1,2,11,6,407,406,1,2980,4.56711959838867,7.38747406005859
14,1,2,11,7,458,457,1,2981,4.56865262985229,9.23390769958496
14,1,2,11,8,553,551,1,2799,4.28972101211548,5.05873584747314
14,1,2,11,9,634,632,1,2801,4.29278612136841,8.2236442565918
14,1,2,11,10,684,682,1,2801,4.29278612136841,3.98532629013062
14,1,2,11,11,749,747,2,2801,4.29278612136841,7.14588260650635
14,1,2,11,12,840,838,2,2800,4.29125356674194,5.38826608657837
14,1,2,11,13,907,904,2,2801,4.29278612136841,7.16001176834106
14,1,2,11,14,985,982,2,2803,4.29585123062134,7.40783643722534
14,1,2,11,15,1052,1049,2,2803,4.29585123062134,5.44925022125244
14,1,2,11,16,1138,1136,2,2799,4.28972101211548,5.00743770599365
14,1,2,11,17,1204,1201,2,2801,4.29278612136841,5.73809719085693
14,1,2,11,18,1299,1296,3,2803,4.29585123062134,7.69673442840576
14,1,2,11,19,1356,1352,3,2807,4.3019814491272,7.31570863723755
14,1,2,11,20,1429,1425,3,2800,4.29125356674194,5.82057762145996
14,1,2,11,21,1527,1523,3,2803,4.29585123062134,5.35855913162231
14,1,2,11,22,1604,1600,4,2807,4.3019814491272,7.38645792007446
14,1,2,11,23,1728,1724,3,2801,4.29278612136841,5.82003164291382
14,1,2,11,24,1771,1767,4,2805,4.29891633987427,4.06378746032715
14,1,2,11,25,1899,1895,4,2801,4.29278612136841,3.63619613647461
14,1,2,11,26,1955,1951,4,2806,4.30044889450073,6.71985054016113
14,1,2,11,27,2098,2093,4,2802,4.29431867599487,6.04670667648315
14,1,2,11,28,2169,2165,4,2806,4.30044889450073,5.37243747711182
14,1,2,11,29,2243,2238,4,2803,4.29585123062134,6.12589406967163
14,1,2,11,30,2338,2333,4,2800,4.29125356674194,6.05305624008179
14,1,2,11,1,68,67,0,3022,4.63148880004883,13.9010829925537
14,1,2,11,2,146,144,1,3023,4.63302135467529,14.4549770355225
14,1,2,11,3,190,189,0,2998,4.59470653533936,16.2876663208008
14,1,2,11,4,263,262,0,2997,4.59317398071289,14.8457260131836
14,1,2,11,5,336,335,1,2989,4.58091306686401,15.378737449646
14,1,2,11,6,395,393,1,2989,4.58091306686401,16.0780620574951
14,1,2,11,7,455,453,1,2989,4.58091306686401,11.8572216033936
14,1,2,11,8,531,530,1,2810,4.30657958984375,11.690185546875
14,1,2,11,9,594,592,1,2810,4.30657958984375,12.5705986022949
14,1,2,11,10,661,659,1,2812,4.30964469909668,15.7056303024292
14,1,2,11,11,743,741,1,2813,4.31117725372314,15.4606847763062
14,1,2,11,12,801,799,2,2816,4.31577491760254,11.5423593521118
14,1,2,11,13,885,883,2,2816,4.31577491760254,12.8225545883179
14,1,2,11,14,941,939,2,2810,4.30657958984375,12.0693740844727
14,1,2,11,15,1029,1026,2,2812,4.30964469909668,12.8158855438232
14,1,2,11,16,1106,1103,2,2814,4.31270980834961,14.721284866333
14,1,2,11,17,1176,1172,3,2814,4.31270980834961,11.4803676605225
14,1,2,11,18,1252,1249,3,2810,4.30657958984375,12.8480463027954
14,1,2,11,19,1338,1335,3,2812,4.30964469909668,13.1589050292969
14,1,2,11,20,1402,1396,5,2816,4.31577491760254,15.966236114502
14,1,2,11,21,1480,1476,3,2811,4.30811214447021,12.5286684036255
14,1,2,11,22,1588,1584,3,2813,4.31117725372314,6.72716999053955
14,1,2,11,23,1656,1652,4,2817,4.317307472229,7.48783349990845
14,1,2,11,24,1743,1739,4,2811,4.30811214447021,7.44404363632202
14,1,2,11,25,1811,1806,4,2815,4.31424236297607,6.520339012146
14,1,2,11,26,1917,1912,4,2812,4.30964469909668,8.72533226013184
14,1,2,11,27,2031,2027,4,2816,4.31577491760254,6.69141864776611
14,1,2,11,28,2131,2122,8,2813,4.31117725372314,10.7280397415161
14,1,2,11,29,2194,2189,4,2810,4.30657958984375,9.47804927825928
14,1,2,11,30,2274,2269,5,2814,4.31270980834961,9.54485988616943
14,1,2,11,1,68,67,1,3041,4.66060781478882,15.8164682388306
14,1,2,11,2,127,127,0,3031,4.64528179168701,15.5056867599487
14,1,2,11,3,203,202,0,3022,4.63148880004883,16.5583057403564
14,1,2,11,4,263,262,0,2978,4.56405448913574,14.9082632064819
14,1,2,11,5,326,325,0,2978,4.56405448913574,15.8506927490234
14,1,2,11,6,406,405,1,2978,4.56405448913574,14.6988344192505
14,1,2,11,7,460,458,1,2978,4.56405448913574,13.7123260498047
14,1,2,11,8,532,530,1,2817,4.317307472229,17.9210929870605
14,1,2,11,9,598,597,1,2819,4.32037258148193,13.2880582809448
14,1,2,11,10,670,668,1,2820,4.3219051361084,14.0707168579102
14,1,2,11,11,732,730,1,2821,4.32343769073486,16.0645790100098
14,1,2,11,12,812,810,2,2821,4.32343769073486,11.5100927352905
14,1,2,11,13,885,882,2,2821,4.32343769073486,13.6009407043457
14,1,2,11,14,958,956,2,2819,4.32037258148193,13.4651126861572
14,1,2,11,15,1030,1027,2,2822,4.32497072219849,15.3732957839966
14,1,2,11,16,1103,1101,2,2818,4.31884002685547,11.7578430175781
14,1,2,11,17,1177,1174,3,2820,4.3219051361084,13.0146903991699
14,1,2,11,18,1272,1269,3,2822,4.32497072219849,13.2016763687134
14,1,2,11,19,1336,1333,3,2823,4.32650327682495,12.9309978485107
14,1,2,11,20,1406,1403,3,2819,4.32037258148193,13.013237953186
14,1,2,11,21,1487,1483,3,2821,4.32343769073486,12.0249862670898
14,1,2,11,22,1562,1558,4,2825,4.32956838607788,16.8699779510498
14,1,2,11,23,1662,1658,3,2819,4.32037258148193,15.9383182525635
14,1,2,11,24,1732,1727,4,2823,4.32650327682495,13.3618335723877
14,1,2,11,25,1843,1839,4,2820,4.3219051361084,12.434232711792
14,1,2,11,26,1942,1937,4,2824,4.32803583145142,15.6051874160767
14,1,2,11,27,2011,2003,7,2820,4.3219051361084,12.0484628677368
14,1,2,11,28,2107,2102,4,2825,4.32956838607788,13.0560398101807
14,1,2,11,29,2237,2232,4,2821,4.32343769073486,15.8453540802002
14,1,2,11,30,2259,2253,5,2819,4.32037258148193,12.3422050476074
16,1,3,12,1,68,67,1,3050,4.67440128326416,15.5598621368408
16,1,3,12,2,132,132,0,3050,4.67440128326416,13.137451171875
16,1,3,12,3,200,199,0,3023,4.63302135467529,17.4551239013672
16,1,3,12,4,259,258,0,3023,4.63302135467529,18.6843376159668
16,1,3,12,5,358,357,1,2996,4.59164142608643,14.2193841934204
16,1,3,12,6,394,393,1,2996,4.59164142608643,12.797191619873
16,1,3,12,7,469,468,1,2996,4.59164142608643,17.1239128112793
16,1,3,12,8,525,524,1,2842,4.35562229156494,17.5054168701172
16,1,3,12,9,612,609,2,2840,4.35255718231201,14.2076921463013
16,1,3,12,10,666,664,1,2826,4.33110094070435,15.2986917495728
16,1,3,12,11,738,736,1,2826,4.33110094070435,12.7596197128296
16,1,3,12,12,813,810,2,2825,4.32956838607788,14.9755821228027
16,1,3,12,13,880,877,2,2825,4.32956838607788,20.5449829101563
16,1,3,12,14,975,972,2,2827,4.33263349533081,13.2235765457153
16,1,3,12,15,1031,1028,2,2830,4.33723115921021,9.16187858581543
16,1,3,12,16,1119,1116,2,2830,4.33723115921021,8.73433685302734
16,1,3,12,17,1187,1184,3,2825,4.32956838607788,8.02431392669678
16,1,3,12,18,1267,1264,3,2827,4.33263349533081,8.63164615631104
16,1,3,12,19,1333,1329,3,2831,4.33876371383667,8.42431449890137
16,1,3,12,20,1405,1402,3,2824,4.32803583145142,6.39129066467285
16,1,3,12,21,1492,1488,3,2826,4.33110094070435,10.3881521224976
16,1,3,12,22,1576,1572,4,2830,4.33723115921021,6.69239473342896
16,1,3,12,23,1654,1650,3,2825,4.32956838607788,6.87140893936157
16,1,3,12,24,1733,1726,7,2829,4.33569860458374,7.67220115661621
16,1,3,12,25,1847,1843,4,2825,4.32956838607788,8.8664722442627
16,1,3,12,26,1911,1907,4,2828,4.33416604995728,7.09826850891113
16,1,3,12,27,2002,1997,4,2823,4.32650327682495,8.66515445709229
16,1,3,12,28,2072,2067,4,2828,4.33416604995728,7.15867519378662
16,1,3,12,29,2198,2193,4,2826,4.33110094070435,7.84541606903076
16,1,3,12,30,2280,2276,4,2824,4.32803583145142,10.9822111129761
16,1,3,12,1,68,67,0,3031,4.64528179168701,15.6650466918945
16,1,3,12,2,129,128,0,3026,4.63761901855469,13.7643547058105
16,1,3,12,3,198,197,0,3005,4.60543441772461,14.4131031036377
16,1,3,12,4,257,256,0,2969,4.55026149749756,14.6224336624146
16,1,3,12,5,331,330,1,2969,4.55026149749756,13.8373870849609
16,1,3,12,6,433,432,1,2969,4.55026149749756,17.4373779296875
16,1,3,12,7,467,466,1,2968,4.54872894287109,13.3618459701538
16,1,3,12,8,532,530,1,2824,4.32803583145142,12.8175230026245
16,1,3,12,9,605,603,1,2826,4.33110094070435,17.9945430755615
16,1,3,12,10,679,678,1,2827,4.33263349533081,12.8889856338501
16,1,3,12,11,744,742,1,2830,4.33723115921021,10.5184965133667
16,1,3,12,12,817,815,2,2829,4.33569860458374,12.8054943084717
16,1,3,12,13,886,883,2,2826,4.33110094070435,12.4660987854004
16,1,3,12,14,958,956,2,2828,4.33416604995728,15.0058479309082
16,1,3,12,15,1039,1036,2,2829,4.33569860458374,12.7642440795898
16,1,3,12,16,1109,1106,2,2831,4.33876371383667,13.1827507019043
16,1,3,12,17,1179,1176,3,2825,4.32956838607788,13.0483655929565
16,1,3,12,18,1262,1259,3,2827,4.33263349533081,11.634467124939
16,1,3,12,19,1351,1347,3,2830,4.33723115921021,15.6892728805542
16,1,3,12,20,1434,1430,3,2832,4.34029626846313,12.4610147476196
16,1,3,12,21,1522,1518,3,2826,4.33110094070435,13.9989824295044
16,1,3,12,22,1596,1592,3,2829,4.33569860458374,11.6800451278687
16,1,3,12,23,1700,1696,4,2825,4.32956838607788,12.4077939987183
16,1,3,12,24,1808,1804,4,2828,4.33416604995728,13.7654962539673
16,1,3,12,25,1875,1871,4,2825,4.32956838607788,13.420970916748
16,1,3,12,26,1967,1962,4,2827,4.33263349533081,6.52819490432739
16,1,3,12,27,2093,2084,8,2825,4.32956838607788,8.88833618164063
16,1,3,12,28,2138,2133,4,2829,4.33569860458374,7.74053764343262
16,1,3,12,29,2255,2250,4,2828,4.33416604995728,6.69611072540283
16,1,3,12,30,2350,2345,5,2826,4.33110094070435,7.56456422805786
16,1,3,12,1,67,66,1,3030,4.64374923706055,14.0984144210815
16,1,3,12,2,127,126,0,3030,4.64374923706055,15.2678518295288
16,1,3,12,3,198,198,0,3005,4.60543441772461,21.4172115325928
16,1,3,12,4,263,263,0,3004,4.60390186309814,13.8399276733398
16,1,3,12,5,323,321,1,2992,4.58551073074341,11.5066270828247
16,1,3,12,6,386,382,4,2991,4.58397817611694,10.5119543075562
16,1,3,12,7,455,454,1,2991,4.58397817611694,12.8134336471558
16,1,3,12,8,518,517,1,2837,4.34795951843262,11.2556953430176
16,1,3,12,9,594,592,1,2835,4.34489440917969,14.5133819580078
16,1,3,12,10,676,674,1,2836,4.34642696380615,13.0686893463135
16,1,3,12,11,732,730,1,2838,4.34949207305908,12.4063119888306
16,1,3,12,12,810,808,2,2838,4.34949207305908,15.7101945877075
16,1,3,12,13,879,876,2,2835,4.34489440917969,12.2983675003052
16,1,3,12,14,949,947,2,2837,4.34795951843262,6.76099872589111
16,1,3,12,15,1031,1028,2,2839,4.35102462768555,6.27977991104126
16,1,3,12,16,1093,1090,2,2840,4.35255718231201,7.18314743041992
16,1,3,12,17,1172,1169,2,2835,4.34489440917969,7.54700517654419
16,1,3,12,18,1244,1241,3,2837,4.34795951843262,7.45856189727783
16,1,3,12,19,1338,1335,3,2839,4.35102462768555,8.14400386810303
16,1,3,12,20,1401,1398,3,2841,4.35408973693848,6.94503355026245
16,1,3,12,21,1479,1475,3,2836,4.34642696380615,6.76525974273682
16,1,3,12,22,1542,1538,3,2838,4.34949207305908,8.38737487792969
16,1,3,12,23,1675,1671,3,2835,4.34489440917969,6.62555456161499
16,1,3,12,24,1751,1747,4,2837,4.34795951843262,6.5992636680603
16,1,3,12,25,1803,1799,4,2835,4.34489440917969,8.11196517944336
16,1,3,12,26,1934,1930,4,2837,4.34795951843262,7.86381673812866
16,1,3,12,27,2014,2010,4,2835,4.34489440917969,7.54269742965698
16,1,3,12,28,2080,2075,4,2838,4.34949207305908,9.05982971191406
16,1,3,12,29,2190,2185,5,2835,4.34489440917969,9.61869621276855
16,1,3,12,30,2242,2231,10,2835,4.34489440917969,8.58927059173584
17,1,3,13,1,68,67,0,3052,4.67746639251709,13.6118936538696
17,1,3,13,2,130,130,0,3052,4.67746639251709,18.3699188232422
17,1,3,13,3,196,195,0,3043,4.66367292404175,11.9027643203735
17,1,3,13,4,264,263,0,3043,4.66367292404175,12.8202724456787
17,1,3,13,5,333,332,1,3043,4.66367292404175,11.5197124481201
17,1,3,13,6,393,392,1,3044,4.66520547866821,15.8463563919067
17,1,3,13,7,467,466,1,3045,4.66673803329468,15.1227359771729
17,1,3,13,8,543,541,1,2877,4.40926313400269,14.9171085357666
17,1,3,13,9,608,605,2,2878,4.41079568862915,17.6977252960205
17,1,3,13,10,661,659,1,2847,4.36328506469727,13.1595058441162
17,1,3,13,11,734,732,2,2847,4.36328506469727,14.7844972610474
17,1,3,13,12,805,803,2,2846,4.3617525100708,12.5792007446289
17,1,3,13,13,866,864,2,2847,4.36328506469727,8.97152519226074
17,1,3,13,14,964,961,2,2849,4.36635065078735,6.6321120262146
17,1,3,13,15,1020,1017,2,2852,4.37094831466675,10.500599861145
17,1,3,13,16,1103,1100,2,2852,4.37094831466675,8.86897754669189
17,1,3,13,17,1184,1181,2,2847,4.36328506469727,4.65679883956909
17,1,3,13,18,1278,1272,6,2849,4.36635065078735,5.95220232009888
17,1,3,13,19,1336,1333,3,2851,4.36941576004028,4.23327493667603
17,1,3,13,20,1414,1410,3,2846,4.3617525100708,4.82705211639404
17,1,3,13,21,1512,1508,3,2849,4.36635065078735,4.31913280487061
17,1,3,13,22,1592,1585,6,2852,4.37094831466675,6.16839694976807
17,1,3,13,23,1692,1688,3,2847,4.36328506469727,5.73896980285645
17,1,3,13,24,1731,1727,4,2851,4.36941576004028,8.0436897277832
17,1,3,13,25,1837,1833,4,2847,4.36328506469727,5.30085134506226
17,1,3,13,26,1894,1887,7,2852,4.37094831466675,5.74915218353271
17,1,3,13,27,2075,2070,4,2848,4.36481761932373,6.23557472229004
17,1,3,13,28,2128,2120,7,2852,4.37094831466675,6.20820045471191
17,1,3,13,29,2251,2246,4,2849,4.36635065078735,7.20309019088745
17,1,3,13,30,2273,2264,8,2846,4.3617525100708,7.75628089904785
17,1,3,13,1,75,74,0,3038,4.65601015090942,9.0361442565918
17,1,3,13,2,141,140,0,3014,4.61922788619995,14.287769317627
17,1,3,13,3,200,199,0,3015,4.62076044082642,14.8475122451782
17,1,3,13,4,266,265,0,3012,4.61616277694702,16.4792633056641
17,1,3,13,5,335,334,1,3014,4.61922788619995,15.399808883667
17,1,3,13,6,395,394,1,3013,4.61769533157349,12.7718601226807
17,1,3,13,7,478,476,1,2854,4.37401342391968,13.9719648361206
17,1,3,13,8,546,544,1,2854,4.37401342391968,15.3596038818359
17,1,3,13,9,606,605,1,2856,4.37707853317261,16.306583404541
17,1,3,13,10,679,677,1,2856,4.37707853317261,16.9041652679443
17,1,3,13,11,742,740,2,2856,4.37707853317261,10.8537569046021
17,1,3,13,12,805,803,2,2854,4.37401342391968,12.2481279373169
17,1,3,13,13,879,877,2,2856,4.37707853317261,12.671706199646
17,1,3,13,14,969,966,2,2858,4.38014364242554,14.0430688858032
17,1,3,13,15,1034,1032,2,2858,4.38014364242554,15.7939414978027
17,1,3,13,16,1115,1112,2,2854,4.37401342391968,12.5833320617676
17,1,3,13,17,1176,1173,2,2856,4.37707853317261,14.3344135284424
17,1,3,13,18,1272,1269,3,2858,4.38014364242554,13.745153427124
17,1,3,13,19,1320,1317,3,2862,4.38627433776855,18.3295383453369
17,1,3,13,20,1431,1427,3,2855,4.37554597854614,15.2844476699829
17,1,3,13,21,1487,1483,3,2858,4.38014364242554,11.8572072982788
17,1,3,13,22,1572,1568,4,2862,4.38627433776855,16.4810409545898
17,1,3,13,23,1655,1651,3,2856,4.37707853317261,6.36734390258789
17,1,3,13,24,1733,1728,4,2860,4.38320875167847,6.13217639923096
17,1,3,13,25,1855,1850,4,2856,4.37707853317261,5.92495012283325
17,1,3,13,26,1915,1911,4,2860,4.38320875167847,7.1599760055542
17,1,3,13,27,2026,2021,4,2856,4.37707853317261,6.75533723831177
17,1,3,13,28,2077,2072,4,2861,4.38474130630493,7.08992099761963
17,1,3,13,29,2183,2178,4,2857,4.37861108779907,6.77035140991211
17,1,3,13,30,2290,2285,5,2855,4.37554597854614,9.22769451141357
17,1,3,13,1,67,66,1,3045,4.66673803329468,13.4597215652466
17,1,3,13,2,130,130,0,3045,4.66673803329468,15.7436847686768
17,1,3,13,3,206,205,0,3045,4.66673803329468,16.9357948303223
17,1,3,13,4,270,269,0,3045,4.66673803329468,14.2221746444702
17,1,3,13,5,379,378,1,3026,4.63761901855469,16.5232086181641
17,1,3,13,6,409,408,1,3026,4.63761901855469,14.2399158477783
17,1,3,13,7,486,485,1,2870,4.39853477478027,13.8489170074463
17,1,3,13,8,550,548,1,2863,4.38780689239502,13.1664333343506
17,1,3,13,9,635,633,2,2864,4.38933944702148,14.2364482879639
17,1,3,13,10,689,683,5,2864,4.38933944702148,13.0090847015381
17,1,3,13,11,745,743,2,2864,4.38933944702148,13.8369817733765
17,1,3,13,12,812,810,2,2863,4.38780689239502,13.2477397918701
17,1,3,13,13,910,907,2,2865,4.39087200164795,14.7172584533691
17,1,3,13,14,1009,1007,2,2867,4.39393711090088,6.31107378005981
17,1,3,13,15,1089,1087,2,2867,4.39393711090088,8.79954051971436
17,1,3,13,16,1133,1130,2,2863,4.38780689239502,7.12422895431519
17,1,3,13,17,1216,1213,2,2865,4.39087200164795,7.91843366622925
17,1,3,13,18,1317,1310,6,2867,4.39393711090088,7.57743358612061
17,1,3,13,19,1375,1372,3,2870,4.39853477478027,6.48967266082764
17,1,3,13,20,1458,1455,3,2864,4.38933944702148,6.59632587432861
17,1,3,13,21,1528,1525,3,2866,4.39240455627441,6.3989839553833
17,1,3,13,22,1626,1622,4,2870,4.39853477478027,6.56683969497681
17,1,3,13,23,1722,1716,5,2865,4.39087200164795,8.62262725830078
17,1,3,13,24,1739,1735,4,2869,4.39700222015381,7.17420196533203
17,1,3,13,25,1954,1950,4,2865,4.39087200164795,6.31162023544312
17,1,3,13,26,1958,1954,4,2868,4.39546966552734,7.5244026184082
17,1,3,13,27,2082,2077,4,2863,4.38780689239502,9.07517337799072
17,1,3,13,28,2201,2196,4,2868,4.39546966552734,6.34869050979614
17,1,3,13,29,2312,2307,5,2866,4.39240455627441,9.60038089752197
17,1,3,13,30,2377,2369,7,2864,4.38933944702148,9.00177764892578
18,1,3,14,1,68,67,0,3055,4.68206405639648,17.838472366333
18,1,3,14,2,131,130,0,3055,4.68206405639648,13.2111549377441
18,1,3,14,3,205,204,0,3041,4.66060781478882,7.59241676330566
18,1,3,14,4,262,261,0,3040,4.65907526016235,9.47824287414551
18,1,3,14,5,341,339,1,3040,4.65907526016235,6.40728569030762
18,1,3,14,6,394,392,1,3040,4.65907526016235,9.08157920837402
18,1,3,14,7,474,473,1,2886,4.42305612564087,7.18841648101807
18,1,3,14,8,528,526,1,2872,4.4015998840332,11.0447416305542
18,1,3,14,9,611,609,1,2870,4.39853477478027,7.11254024505615
18,1,3,14,10,668,666,1,2871,4.40006732940674,9.96093559265137
18,1,3,14,11,741,739,2,2874,4.40466499328613,7.57698249816895
18,1,3,14,12,794,792,2,2874,4.40466499328613,10.2237815856934
18,1,3,14,13,884,881,2,2871,4.40006732940674,7.17086362838745
18,1,3,14,14,955,952,2,2873,4.40313243865967,9.38732719421387
18,1,3,14,15,1045,1042,2,2874,4.40466499328613,9.94690799713135
18,1,3,14,16,1109,1106,2,2877,4.40926313400269,10.697639465332
18,1,3,14,17,1183,1180,3,2871,4.40006732940674,7.16673564910889
18,1,3,14,18,1241,1237,3,2873,4.40313243865967,7.00803709030151
18,1,3,14,19,1343,1340,3,2875,4.40619802474976,6.11986970901489
18,1,3,14,20,1402,1399,3,2879,4.41232824325562,7.31703662872314
18,1,3,14,21,1490,1487,3,2872,4.4015998840332,7.49465894699097
18,1,3,14,22,1618,1614,4,2874,4.40466499328613,7.39736652374268
18,1,3,14,23,1694,1690,3,2870,4.39853477478027,6.76512718200684
18,1,3,14,24,1755,1751,4,2872,4.4015998840332,6.91185426712036
18,1,3,14,25,1852,1848,4,2871,4.40006732940674,7.38895225524902
18,1,3,14,26,1972,1968,4,2873,4.40313243865967,8.72537040710449
18,1,3,14,27,1978,1974,4,2870,4.39853477478027,8.81836605072021
18,1,3,14,28,2108,2103,4,2873,4.40313243865967,10.2876930236816
18,1,3,14,29,2229,2224,4,2871,4.40006732940674,8.95288753509521
18,1,3,14,30,2278,2273,5,2871,4.40006732940674,8.43599128723145
18,1,3,14,1,68,67,1,3087,4.73110675811768,15.5155477523804
18,1,3,14,2,131,130,0,3039,4.65754270553589,13.5683898925781
18,1,3,14,3,191,191,0,3039,4.65754270553589,16.2176933288574
18,1,3,14,4,260,259,0,3034,4.64987945556641,16.2230491638184
18,1,3,14,5,324,322,1,3034,4.64987945556641,13.0638408660889
18,1,3,14,6,392,391,1,3034,4.64987945556641,13.6584568023682
18,1,3,14,7,458,457,1,2874,4.40466499328613,13.2722988128662
18,1,3,14,8,532,530,1,2874,4.40466499328613,17.2010307312012
18,1,3,14,9,605,603,1,2876,4.40773057937622,12.7474355697632
18,1,3,14,10,661,659,1,2877,4.40926313400269,12.7826957702637
18,1,3,14,11,767,765,2,2877,4.40926313400269,15.1358261108398
18,1,3,14,12,811,809,2,2877,4.40926313400269,12.2635822296143
18,1,3,14,13,872,870,2,2876,4.40773057937622,12.7960796356201
18,1,3,14,14,965,962,2,2878,4.41079568862915,14.6775827407837
18,1,3,14,15,1011,1008,2,2881,4.41539335250854,10.1558408737183
18,1,3,14,16,1094,1091,2,2881,4.41539335250854,7.16040563583374
18,1,3,14,17,1175,1172,3,2877,4.40926313400269,7.99726533889771
18,1,3,14,18,1254,1251,3,2879,4.41232824325562,6.10843324661255
18,1,3,14,19,1322,1319,3,2880,4.41386079788208,6.56857252120972
18,1,3,14,20,1408,1404,3,2876,4.40773057937622,6.27434635162354
18,1,3,14,21,1482,1478,3,2878,4.41079568862915,6.75994062423706
18,1,3,14,22,1569,1565,3,2882,4.41692590713501,9.43611907958984
18,1,3,14,23,1633,1629,3,2877,4.40926313400269,9.58098983764648
18,1,3,14,24,1728,1724,3,2881,4.41539335250854,7.37828254699707
18,1,3,14,25,1840,1836,4,2877,4.40926313400269,7.18115472793579
18,1,3,14,26,1920,1916,4,2881,4.41539335250854,10.3272514343262
18,1,3,14,27,1978,1974,4,2878,4.41079568862915,9.01419448852539
18,1,3,14,28,2091,2086,4,2882,4.41692590713501,7.32455253601074
18,1,3,14,29,2181,2177,4,2878,4.41079568862915,8.09943771362305
18,1,3,14,30,2303,2298,5,2876,4.40773057937622,4.71437549591064
18,1,3,14,1,69,68,1,3104,4.75716114044189,17.0533485412598
18,1,3,14,2,128,128,0,3046,4.66827058792114,14.5752849578857
18,1,3,14,3,199,198,0,3047,4.66980314254761,16.8022594451904
18,1,3,14,4,262,261,0,3042,4.66214036941528,13.031421661377
18,1,3,14,5,324,320,4,3042,4.66214036941528,17.8713417053223
18,1,3,14,6,388,386,1,3042,4.66214036941528,13.8488788604736
18,1,3,14,7,455,454,1,2882,4.41692590713501,11.5031490325928
18,1,3,14,8,519,518,1,2882,4.41692590713501,11.4619007110596
18,1,3,14,9,592,590,1,2882,4.41692590713501,11.1795616149902
18,1,3,14,10,661,659,2,2883,4.41845846176147,11.0332107543945
18,1,3,14,11,746,744,1,2885,4.4215235710144,16.8786373138428
18,1,3,14,12,802,799,2,2885,4.4215235710144,17.4671230316162
18,1,3,14,13,871,868,2,2885,4.4215235710144,16.980806350708
18,1,3,14,14,940,937,2,2883,4.41845846176147,19.015453338623
18,1,3,14,15,1025,1023,2,2884,4.41999101638794,11.7485675811768
18,1,3,14,16,1092,1089,2,2885,4.4215235710144,17.1548461914063
18,1,3,14,17,1171,1168,2,2882,4.41692590713501,14.7039470672607
18,1,3,14,18,1252,1249,3,2884,4.41999101638794,15.9525985717773
18,1,3,14,19,1327,1323,3,2886,4.42305612564087,13.1261539459229
18,1,3,14,20,1409,1405,3,2887,4.42458868026733,14.2305583953857
18,1,3,14,21,1474,1470,3,2883,4.41845846176147,16.3026638031006
18,1,3,14,22,1558,1554,4,2885,4.4215235710144,11.3499660491943
18,1,3,14,23,1631,1627,3,2881,4.41539335250854,8.95821762084961
18,1,3,14,24,1723,1719,4,2884,4.41999101638794,9.79174423217773
18,1,3,14,25,1835,1831,4,2881,4.41539335250854,8.83954048156738
18,1,3,14,26,1948,1943,4,2884,4.41999101638794,6.56682920455933
18,1,3,14,27,2002,1993,8,2881,4.41539335250854,8.07321548461914
18,1,3,14,28,2093,2088,4,2885,4.4215235710144,7.91837930679321
18,1,3,14,29,2205,2200,4,2884,4.41999101638794,6.01112031936646
18,1,3,14,30,2262,2257,5,2883,4.41845846176147,7.77414226531982
